"year","dD","dTsVscales","yearSample"
-739973,-433.65,-7.59383083961913,"(-7.41e+05,-7.35e+05]"
-735331.5,-415.08,-4.69592803264498,"(-7.41e+05,-7.35e+05]"
-730996,-415.6,-4.77707555335724,"(-7.35e+05,-7.29e+05]"
-726492,-422.73,-5.8897329046618,"(-7.29e+05,-7.24e+05]"
-721561,-428.37,-6.76987139854086,"(-7.24e+05,-7.18e+05]"
-716497.5,-424.46,-6.15970446395449,"(-7.18e+05,-7.13e+05]"
-711925.5,-413.19,-4.40098800544083,"(-7.13e+05,-7.07e+05]"
-707834,-413.07,-4.38226165450723,"(-7.13e+05,-7.07e+05]"
-703884,-410.34,-3.95623717076789,"(-7.07e+05,-7.02e+05]"
-700148,-405.53,-3.20562260417954,"(-7.02e+05,-6.96e+05]"
-696545.5,-406.2,-3.31017806355879,"(-7.02e+05,-6.96e+05]"
-693035.5,-403.47,-2.88415357981946,"(-6.96e+05,-6.91e+05]"
-689655.5,-403.41,-2.87479040435267,"(-6.91e+05,-6.86e+05]"
-686296,-404.39,-3.02772227031037,"(-6.91e+05,-6.86e+05]"
-682788.5,-409.67,-3.85168171138865,"(-6.86e+05,-6.8e+05]"
-679091,-411.95,-4.20748237912699,"(-6.8e+05,-6.75e+05]"
-675206,-416.91,-4.98150488438234,"(-6.8e+05,-6.75e+05]"
-670962.5,-425.19,-6.27362309880054,"(-6.75e+05,-6.69e+05]"
-666505.5,-424.38,-6.14722022999876,"(-6.69e+05,-6.64e+05]"
-661979.5,-427.54,-6.64034747125015,"(-6.64e+05,-6.58e+05]"
-657162,-432.93,-7.48147273401756,"(-6.58e+05,-6.53e+05]"
-651856,-441.38,-8.80011994559169,"(-6.53e+05,-6.47e+05]"
-646435,-435.95,-7.95275256584642,"(-6.47e+05,-6.42e+05]"
-641378,-431.67,-7.28484604921479,"(-6.42e+05,-6.37e+05]"
-636477.5,-432.07,-7.34726721899344,"(-6.37e+05,-6.31e+05]"
-631327,-438.68,-8.37877704958575,"(-6.37e+05,-6.31e+05]"
-626371,-425.56,-6.3313626808458,"(-6.31e+05,-6.26e+05]"
-622502,-403.9,-2.95125633733151,"(-6.26e+05,-6.2e+05]"
-619393.5,-403.16,-2.835777173241,"(-6.2e+05,-6.15e+05]"
-616454.5,-399.16,-2.21156547545443,"(-6.2e+05,-6.15e+05]"
-613542.5,-402.79,-2.77803759119575,"(-6.15e+05,-6.09e+05]"
-610337,-413.49,-4.44780388277482,"(-6.15e+05,-6.09e+05]"
-606689.5,-421.89,-5.75864844812662,"(-6.09e+05,-6.04e+05]"
-602811,-423.15,-5.95527513292939,"(-6.04e+05,-5.99e+05]"
-598985.5,-421.74,-5.73524050945962,"(-6.04e+05,-5.99e+05]"
-595181.5,-423.63,-6.03018053666378,"(-5.99e+05,-5.93e+05]"
-591207.5,-427.39,-6.61693953258315,"(-5.93e+05,-5.88e+05]"
-587459.5,-414.07,-4.53831457895387,"(-5.88e+05,-5.82e+05]"
-584422,-398.73,-2.14446271794238,"(-5.88e+05,-5.82e+05]"
-581700,-403.22,-2.8451403487078,"(-5.82e+05,-5.77e+05]"
-578931,-402.97,-2.80612711759614,"(-5.82e+05,-5.77e+05]"
-576146.5,-404.53,-3.0495696797329,"(-5.77e+05,-5.71e+05]"
-573371.5,-403.5,-2.88883516755286,"(-5.77e+05,-5.71e+05]"
-570671,-400.97,-2.49402126870286,"(-5.71e+05,-5.66e+05]"
-568015,-401.98,-2.65163472239397,"(-5.71e+05,-5.66e+05]"
-565375.5,-400.96,-2.49246073945838,"(-5.66e+05,-5.6e+05]"
-562763,-400.84,-2.47373438852479,"(-5.66e+05,-5.6e+05]"
-560131.5,-403.08,-2.82329293928527,"(-5.6e+05,-5.55e+05]"
-557432.5,-405.2,-3.15412513911215,"(-5.6e+05,-5.55e+05]"
-554656,-407.86,-3.56922591814022,"(-5.55e+05,-5.5e+05]"
-551692,-415.23,-4.71933597131198,"(-5.55e+05,-5.5e+05]"
-548469,-420.96,-5.61351922839124,"(-5.5e+05,-5.44e+05]"
-545015,-427.17,-6.5826078892049,"(-5.5e+05,-5.44e+05]"
-541660,-418.03,-5.15628415976257,"(-5.44e+05,-5.39e+05]"
-538600,-416.07,-4.85042042784716,"(-5.39e+05,-5.33e+05]"
-535420.5,-424.74,-6.20339928279955,"(-5.39e+05,-5.33e+05]"
-531884.5,-432.21,-7.36911462841597,"(-5.33e+05,-5.28e+05]"
-528104.5,-434.28,-7.69214418202052,"(-5.33e+05,-5.28e+05]"
-524305.5,-433.02,-7.49551749721775,"(-5.28e+05,-5.22e+05]"
-520643,-429.67,-6.9727402003215,"(-5.22e+05,-5.17e+05]"
-517058.5,-431.16,-7.205259057747,"(-5.22e+05,-5.17e+05]"
-513730,-420.59,-5.55577964634598,"(-5.17e+05,-5.11e+05]"
-510725.5,-419.35,-5.36227402003215,"(-5.11e+05,-5.06e+05]"
-507810,-418.34,-5.20466056634103,"(-5.11e+05,-5.06e+05]"
-505015.5,-413.56,-4.45872758748609,"(-5.06e+05,-5.01e+05]"
-502338.5,-413.2,-4.40254853468529,"(-5.06e+05,-5.01e+05]"
-499643,-416.41,-4.90347842215902,"(-5.01e+05,-4.95e+05]"
-496859.5,-418.9,-5.29205020403115,"(-5.01e+05,-4.95e+05]"
-493966.5,-423.04,-5.93810931124026,"(-4.95e+05,-4.9e+05]"
-491003,-424.33,-6.13941758377642,"(-4.95e+05,-4.9e+05]"
-488148.5,-417.94,-5.14223939656238,"(-4.9e+05,-4.84e+05]"
-485457,-416.91,-4.98150488438234,"(-4.9e+05,-4.84e+05]"
-482810.5,-416.9,-4.97994435513787,"(-4.84e+05,-4.79e+05]"
-480230.5,-413.64,-4.47121182144181,"(-4.84e+05,-4.79e+05]"
-477752,-411.3,-4.10604797823667,"(-4.79e+05,-4.73e+05]"
-475343.5,-410.29,-3.94843452454557,"(-4.79e+05,-4.73e+05]"
-473025,-406.39,-3.33982811920366,"(-4.73e+05,-4.68e+05]"
-470792.5,-406.11,-3.2961333003586,"(-4.73e+05,-4.68e+05]"
-468509,-411.36,-4.11541115370347,"(-4.73e+05,-4.68e+05]"
-466111,-414.38,-4.58669098553233,"(-4.68e+05,-4.63e+05]"
-463573.5,-420.98,-5.61664028688018,"(-4.68e+05,-4.63e+05]"
-460956,-420.09,-5.47775318412266,"(-4.63e+05,-4.57e+05]"
-458366,-418.64,-5.25147644367503,"(-4.63e+05,-4.57e+05]"
-455521.5,-434.73,-7.76236799802152,"(-4.57e+05,-4.52e+05]"
-452413,-433.1,-7.50800173117349,"(-4.57e+05,-4.52e+05]"
-449206.5,-438.89,-8.41154816371954,"(-4.52e+05,-4.46e+05]"
-446078,-429.91,-7.0101929021887,"(-4.46e+05,-4.41e+05]"
-443056.5,-433.59,-7.58446766415233,"(-4.46e+05,-4.41e+05]"
-439997,-432.53,-7.41905156423889,"(-4.41e+05,-4.35e+05]"
-436925.5,-435.37,-7.86224186966736,"(-4.41e+05,-4.35e+05]"
-433633.5,-442.95,-9.04512303697291,"(-4.35e+05,-4.3e+05]"
-430191,-443.04,-9.05916780017312,"(-4.35e+05,-4.3e+05]"
-426957,-434.75,-7.76548905651044,"(-4.3e+05,-4.24e+05]"
-424299,-414.82,-4.65535427228885,"(-4.24e+05,-4.19e+05]"
-422295,-397.19,-1.90414121429454,"(-4.24e+05,-4.19e+05]"
-420526,-402.62,-2.75150859403981,"(-4.24e+05,-4.19e+05]"
-418764,-400.21,-2.3754210461234,"(-4.19e+05,-4.14e+05]"
-417101.5,-395.56,-1.64977494744652,"(-4.19e+05,-4.14e+05]"
-415543.5,-392.29,-1.139481884506,"(-4.19e+05,-4.14e+05]"
-414029,-393.15,-1.2736873995301,"(-4.19e+05,-4.14e+05]"
-412544,-391.78,-1.0598948930382,"(-4.14e+05,-4.08e+05]"
-411099.5,-390.62,-0.878873500680102,"(-4.14e+05,-4.08e+05]"
-409713,-386.61,-0.253101273649065,"(-4.14e+05,-4.08e+05]"
-408392.5,-384.31,0.105820452578215,"(-4.14e+05,-4.08e+05]"
-407118,-382.98,0.313370842092247,"(-4.08e+05,-4.03e+05]"
-405866,-383.34,0.257191789291463,"(-4.08e+05,-4.03e+05]"
-404618.5,-382.96,0.316491900581186,"(-4.08e+05,-4.03e+05]"
-403357.5,-385.39,-0.0627167058241569,"(-4.08e+05,-4.03e+05]"
-402084.5,-385.26,-0.042429825646094,"(-4.03e+05,-3.97e+05]"
-400793,-388.52,-0.551162359342148,"(-4.03e+05,-3.97e+05]"
-399462.5,-390.92,-0.925689378014096,"(-4.03e+05,-3.97e+05]"
-398078,-394.83,-1.53585631260046,"(-4.03e+05,-3.97e+05]"
-396652,-396.35,-1.77305675775937,"(-3.97e+05,-3.92e+05]"
-395199.5,-399.12,-2.20532335847657,"(-3.97e+05,-3.92e+05]"
-393677.5,-404.32,-3.01679856559911,"(-3.97e+05,-3.92e+05]"
-391997,-414.63,-4.62570421664399,"(-3.97e+05,-3.92e+05]"
-390113.5,-422.48,-5.85071967355014,"(-3.92e+05,-3.86e+05]"
-388083,-426.1,-6.41563126004699,"(-3.92e+05,-3.86e+05]"
-386171.5,-414.89,-4.66627797700012,"(-3.86e+05,-3.81e+05]"
-384390,-420.6,-5.55734017559045,"(-3.86e+05,-3.81e+05]"
-382567.5,-419.59,-5.39972672189934,"(-3.86e+05,-3.81e+05]"
-380771,-418.74,-5.2670817361197,"(-3.81e+05,-3.75e+05]"
-378908.5,-426.19,-6.42967602324718,"(-3.81e+05,-3.75e+05]"
-376905.5,-429.58,-6.9586954371213,"(-3.81e+05,-3.75e+05]"
-374817.5,-432.15,-7.35975145294917,"(-3.75e+05,-3.7e+05]"
-372831,-422.39,-5.83667491034994,"(-3.75e+05,-3.7e+05]"
-370949,-426.45,-6.47024978360331,"(-3.75e+05,-3.7e+05]"
-368940,-433.05,-7.50019908495115,"(-3.7e+05,-3.65e+05]"
-366848,-432.18,-7.36443304068257,"(-3.7e+05,-3.65e+05]"
-364774.5,-431.92,-7.32385928032645,"(-3.7e+05,-3.65e+05]"
-362681,-434.65,-7.74988376406578,"(-3.65e+05,-3.59e+05]"
-360499,-439.09,-8.44275874860887,"(-3.65e+05,-3.59e+05]"
-358225,-441.79,-8.86410164461481,"(-3.59e+05,-3.54e+05]"
-355941,-440.49,-8.66123284283418,"(-3.59e+05,-3.54e+05]"
-353766.5,-436.45,-8.03077902806974,"(-3.59e+05,-3.54e+05]"
-351744.5,-431.52,-7.26143811054779,"(-3.54e+05,-3.48e+05]"
-349786,-432.98,-7.48927538023989,"(-3.54e+05,-3.48e+05]"
-347738,-436.94,-8.10724496104859,"(-3.48e+05,-3.43e+05]"
-345578,-439.96,-8.57852479287745,"(-3.48e+05,-3.43e+05]"
-343363,-442.39,-8.95773339928279,"(-3.48e+05,-3.43e+05]"
-341287,-430.03,-7.02891925312229,"(-3.43e+05,-3.37e+05]"
-339603,-413.06,-4.38070112526276,"(-3.43e+05,-3.37e+05]"
-338251,-403.29,-2.85606405341907,"(-3.43e+05,-3.37e+05]"
-337104.5,-391.48,-1.01307901570422,"(-3.37e+05,-3.32e+05]"
-336145.5,-378.23,1.0546222332138,"(-3.37e+05,-3.32e+05]"
-335331.5,-369.24,2.45753802398912,"(-3.37e+05,-3.32e+05]"
-334578,-369.07,2.48406702114505,"(-3.37e+05,-3.32e+05]"
-333796.5,-377.78,1.1248460492148,"(-3.37e+05,-3.32e+05]"
-332924,-387.97,-0.465333250896502,"(-3.37e+05,-3.32e+05]"
-331964.5,-392.95,-1.24247681464078,"(-3.37e+05,-3.32e+05]"
-330983,-390.83,-0.911644614813893,"(-3.32e+05,-3.26e+05]"
-330006,-392.25,-1.13323976752813,"(-3.32e+05,-3.26e+05]"
-329015,-393.33,-1.3017769259305,"(-3.32e+05,-3.26e+05]"
-328008,-394.86,-1.54053790033387,"(-3.32e+05,-3.26e+05]"
-326996,-394.31,-1.45470879188821,"(-3.32e+05,-3.26e+05]"
-325965,-397.41,-1.93847285767281,"(-3.26e+05,-3.21e+05]"
-324899,-399.26,-2.22717076789909,"(-3.26e+05,-3.21e+05]"
-323778.5,-406.05,-3.2867701248918,"(-3.26e+05,-3.21e+05]"
-322566,-411.47,-4.13257697539261,"(-3.26e+05,-3.21e+05]"
-321253,-416.72,-4.95185482873748,"(-3.26e+05,-3.21e+05]"
-319833.5,-423.24,-5.96931989612959,"(-3.21e+05,-3.16e+05]"
-318399.5,-418.41,-5.21558427105231,"(-3.21e+05,-3.16e+05]"
-317078.5,-410.13,-3.9234660566341,"(-3.21e+05,-3.16e+05]"
-315833,-411.95,-4.20748237912699,"(-3.21e+05,-3.16e+05]"
-314567,-414.11,-4.54455669593174,"(-3.16e+05,-3.1e+05]"
-313224,-420.33,-5.51520588598985,"(-3.16e+05,-3.1e+05]"
-311774,-425.82,-6.37193644120192,"(-3.16e+05,-3.1e+05]"
-310230.5,-430.09,-7.03828242858909,"(-3.16e+05,-3.1e+05]"
-308648,-429.03,-6.87286632867565,"(-3.1e+05,-3.05e+05]"
-307049.5,-430.52,-7.10538518610114,"(-3.1e+05,-3.05e+05]"
-305551,-420.07,-5.47463212563373,"(-3.1e+05,-3.05e+05]"
-304154,-422.51,-5.85540126128354,"(-3.05e+05,-2.99e+05]"
-302716.5,-426.73,-6.51394460244837,"(-3.05e+05,-2.99e+05]"
-301227,-429.87,-7.00395078521083,"(-3.05e+05,-2.99e+05]"
-299756.5,-426.19,-6.42967602324718,"(-3.05e+05,-2.99e+05]"
-298282.5,-430.76,-7.14283788796834,"(-2.99e+05,-2.94e+05]"
-296793,-427.91,-6.69808705329541,"(-2.99e+05,-2.94e+05]"
-295346,-429.2,-6.89939532583158,"(-2.99e+05,-2.94e+05]"
-293875.5,-432.52,-7.41749103499443,"(-2.99e+05,-2.94e+05]"
-292436,-426.58,-6.49053666378137,"(-2.94e+05,-2.88e+05]"
-291127.5,-419.88,-5.44498206998887,"(-2.94e+05,-2.88e+05]"
-289958,-412.24,-4.25273772721652,"(-2.94e+05,-2.88e+05]"
-288817.5,-418.91,-5.29361073327563,"(-2.94e+05,-2.88e+05]"
-287631,-419.53,-5.39036354643254,"(-2.88e+05,-2.83e+05]"
-286432,-420.35,-5.51832694447879,"(-2.88e+05,-2.83e+05]"
-285193,-425.24,-6.28142574502287,"(-2.88e+05,-2.83e+05]"
-283899.5,-426.63,-6.49833931000371,"(-2.88e+05,-2.83e+05]"
-282551.5,-430.95,-7.1724879436132,"(-2.83e+05,-2.78e+05]"
-281161.5,-431.21,-7.21306170396933,"(-2.83e+05,-2.78e+05]"
-279751.5,-432.66,-7.43933844441697,"(-2.83e+05,-2.78e+05]"
-278260,-439.33,-8.48021145047607,"(-2.83e+05,-2.78e+05]"
-276696,-439.77,-8.54887473723259,"(-2.78e+05,-2.72e+05]"
-275136.5,-438.86,-8.40686657598615,"(-2.78e+05,-2.72e+05]"
-273564,-441.3,-8.78763571163596,"(-2.78e+05,-2.72e+05]"
-271963.5,-442.44,-8.96553604550513,"(-2.72e+05,-2.67e+05]"
-270390.5,-439.64,-8.52858785705453,"(-2.72e+05,-2.67e+05]"
-268878,-438.37,-8.33040064300729,"(-2.72e+05,-2.67e+05]"
-267421,-435.29,-7.84975763571163,"(-2.72e+05,-2.67e+05]"
-266041.5,-431.98,-7.33322245579325,"(-2.67e+05,-2.61e+05]"
-264746.5,-428.06,-6.72149499196241,"(-2.67e+05,-2.61e+05]"
-263504,-426.8,-6.52486830715964,"(-2.67e+05,-2.61e+05]"
-262210,-434.76,-7.76704958575491,"(-2.67e+05,-2.61e+05]"
-260879.5,-431.53,-7.26299863979225,"(-2.61e+05,-2.56e+05]"
-259566,-433.03,-7.49707802646222,"(-2.61e+05,-2.56e+05]"
-258289,-427.73,-6.66999752689502,"(-2.61e+05,-2.56e+05]"
-257044.5,-430.15,-7.04764560405589,"(-2.61e+05,-2.56e+05]"
-255750,-434.48,-7.72335476690986,"(-2.56e+05,-2.5e+05]"
-254440,-432.52,-7.41749103499443,"(-2.56e+05,-2.5e+05]"
-253128.5,-435.16,-7.82947075553357,"(-2.56e+05,-2.5e+05]"
-251799.5,-434.31,-7.69682576975392,"(-2.56e+05,-2.5e+05]"
-250488.5,-434.25,-7.68746259428712,"(-2.56e+05,-2.5e+05]"
-249247,-427.42,-6.62162112031656,"(-2.5e+05,-2.45e+05]"
-248101.5,-423.59,-6.02393841968591,"(-2.5e+05,-2.45e+05]"
-246971,-427.62,-6.65283170520588,"(-2.5e+05,-2.45e+05]"
-245886,-417.21,-5.02832076171633,"(-2.5e+05,-2.45e+05]"
-244944.5,-407.63,-3.53333374551749,"(-2.5e+05,-2.45e+05]"
-244122.5,-399.38,-2.24589711883269,"(-2.45e+05,-2.39e+05]"
-243407.5,-387.3,-0.360777791517248,"(-2.45e+05,-2.39e+05]"
-242762.5,-385.35,-0.0564745888462967,"(-2.45e+05,-2.39e+05]"
-242138.5,-384.36,0.0980178063558808,"(-2.45e+05,-2.39e+05]"
-241536.5,-381.26,0.581781872140477,"(-2.45e+05,-2.39e+05]"
-240922.5,-387.87,-0.449727958451834,"(-2.45e+05,-2.39e+05]"
-240247,-396.51,-1.79802522567083,"(-2.45e+05,-2.39e+05]"
-239516,-401.12,-2.51742920736985,"(-2.45e+05,-2.39e+05]"
-238736,-406.63,-3.37728082107085,"(-2.39e+05,-2.34e+05]"
-237921.5,-407.09,-3.4490651663163,"(-2.39e+05,-2.34e+05]"
-237091.5,-409.96,-3.89693705947817,"(-2.39e+05,-2.34e+05]"
-236251.5,-409.06,-3.75648942747619,"(-2.39e+05,-2.34e+05]"
-235406.5,-411.2,-4.09044268579201,"(-2.39e+05,-2.34e+05]"
-234526.5,-416.12,-4.85822307406949,"(-2.39e+05,-2.34e+05]"
-233591,-420.26,-5.50428218127859,"(-2.34e+05,-2.29e+05]"
-232604,-423.71,-6.04266477061951,"(-2.34e+05,-2.29e+05]"
-231556,-428.8,-6.83697415605292,"(-2.34e+05,-2.29e+05]"
-230466,-430.62,-7.12099047854581,"(-2.34e+05,-2.29e+05]"
-229352,-433.92,-7.63596512921973,"(-2.34e+05,-2.29e+05]"
-228245.5,-430.28,-7.06793248423395,"(-2.29e+05,-2.23e+05]"
-227121,-436.18,-7.98864473846915,"(-2.29e+05,-2.23e+05]"
-226031.5,-425.91,-6.38598120440213,"(-2.29e+05,-2.23e+05]"
-225025.5,-425.86,-6.37817855817979,"(-2.29e+05,-2.23e+05]"
-223946,-437.53,-8.19931618647211,"(-2.29e+05,-2.23e+05]"
-222759,-440.76,-8.70336713243477,"(-2.23e+05,-2.18e+05]"
-221568,-437.48,-8.19151354024978,"(-2.23e+05,-2.18e+05]"
-220415.5,-437.22,-8.15093977989366,"(-2.23e+05,-2.18e+05]"
-219337,-429.18,-6.89627426734265,"(-2.23e+05,-2.18e+05]"
-218370.5,-422.68,-5.88193025843947,"(-2.23e+05,-2.18e+05]"
-217481.5,-420.45,-5.53393223692345,"(-2.18e+05,-2.12e+05]"
-216635,-418,-5.15160257202918,"(-2.18e+05,-2.12e+05]"
-215829,-412.35,-4.26990354890565,"(-2.18e+05,-2.12e+05]"
-215079.5,-406.3,-3.32578335600346,"(-2.18e+05,-2.12e+05]"
-214387.5,-402.01,-2.65631631012736,"(-2.18e+05,-2.12e+05]"
-213732.5,-399.75,-2.30363670087795,"(-2.18e+05,-2.12e+05]"
-213071,-403.2,-2.84201929021887,"(-2.18e+05,-2.12e+05]"
-212380.5,-407.72,-3.5473785087177,"(-2.18e+05,-2.12e+05]"
-211685.5,-403.34,-2.86386669964139,"(-2.12e+05,-2.07e+05]"
-211005,-406.27,-3.32110176827006,"(-2.12e+05,-2.07e+05]"
-210342.5,-402.78,-2.77647706195127,"(-2.12e+05,-2.07e+05]"
-209696.5,-402.12,-2.67348213181649,"(-2.12e+05,-2.07e+05]"
-209052.5,-400.91,-2.48465809323606,"(-2.12e+05,-2.07e+05]"
-208408.5,-399.73,-2.30051564238902,"(-2.12e+05,-2.07e+05]"
-207752,-405.64,-3.22278842586867,"(-2.12e+05,-2.07e+05]"
-207081,-404.57,-3.05581179671077,"(-2.12e+05,-2.07e+05]"
-206410.5,-407.59,-3.52709162853962,"(-2.07e+05,-2.01e+05]"
-205730.5,-410.78,-4.02490045752441,"(-2.07e+05,-2.01e+05]"
-205037,-410.23,-3.93907134907877,"(-2.07e+05,-2.01e+05]"
-204337.5,-411.35,-4.11385062445901,"(-2.07e+05,-2.01e+05]"
-203622.5,-411.55,-4.14506120934834,"(-2.07e+05,-2.01e+05]"
-202863.5,-418.58,-5.24211326820823,"(-2.07e+05,-2.01e+05]"
-202075,-421.09,-5.6338061085693,"(-2.07e+05,-2.01e+05]"
-201281,-422.11,-5.79298009150488,"(-2.01e+05,-1.96e+05]"
-200495.5,-417.43,-5.06265240509459,"(-2.01e+05,-1.96e+05]"
-199760,-412.28,-4.25897984419438,"(-2.01e+05,-1.96e+05]"
-199084,-406.02,-3.2820885371584,"(-2.01e+05,-1.96e+05]"
-198441.5,-406.53,-3.36167552862618,"(-2.01e+05,-1.96e+05]"
-197818,-402.69,-2.76243229875108,"(-2.01e+05,-1.96e+05]"
-197210,-405.71,-3.23371213057994,"(-2.01e+05,-1.96e+05]"
-196610.5,-406.02,-3.2820885371584,"(-2.01e+05,-1.96e+05]"
-196013,-408.11,-3.60823914925188,"(-2.01e+05,-1.96e+05]"
-195405.5,-411.57,-4.14818226783727,"(-1.96e+05,-1.9e+05]"
-194769.5,-408.39,-3.65193396809694,"(-1.96e+05,-1.9e+05]"
-194092.5,-420.01,-5.46526895016693,"(-1.96e+05,-1.9e+05]"
-193393,-419.9,-5.4481031284778,"(-1.96e+05,-1.9e+05]"
-192662,-427.36,-6.61225794484976,"(-1.96e+05,-1.9e+05]"
-191871.5,-430.66,-7.12723259552368,"(-1.96e+05,-1.9e+05]"
-191052,-425.52,-6.32512056386793,"(-1.96e+05,-1.9e+05]"
-190276,-422.8,-5.90065660937307,"(-1.9e+05,-1.85e+05]"
-189523,-430.54,-7.10850624459008,"(-1.9e+05,-1.85e+05]"
-188730.5,-431.79,-7.30357240014839,"(-1.9e+05,-1.85e+05]"
-187933.5,-427.7,-6.66531593916161,"(-1.9e+05,-1.85e+05]"
-187183,-424.91,-6.22992827995548,"(-1.9e+05,-1.85e+05]"
-186499,-412.8,-4.34012736490664,"(-1.9e+05,-1.85e+05]"
-185802.5,-423.05,-5.93966984048473,"(-1.9e+05,-1.85e+05]"
-185008.5,-431.09,-7.19433535303573,"(-1.85e+05,-1.8e+05]"
-184138.5,-437.97,-8.26797947322864,"(-1.85e+05,-1.8e+05]"
-183224,-441.63,-8.83913317670335,"(-1.85e+05,-1.8e+05]"
-182281,-440.06,-8.59413008532212,"(-1.85e+05,-1.8e+05]"
-181340.5,-440.56,-8.67215654754544,"(-1.85e+05,-1.8e+05]"
-180392,-442.53,-8.97958080870532,"(-1.85e+05,-1.8e+05]"
-179448.5,-439.06,-8.43807716087548,"(-1.8e+05,-1.74e+05]"
-178554.5,-437.1,-8.13221342896006,"(-1.8e+05,-1.74e+05]"
-177666,-435.78,-7.92622356869048,"(-1.8e+05,-1.74e+05]"
-176766.5,-427.52,-6.63722641276122,"(-1.8e+05,-1.74e+05]"
-175894.5,-427.72,-6.66843699765055,"(-1.8e+05,-1.74e+05]"
-175039.5,-433.04,-7.49863855570669,"(-1.8e+05,-1.74e+05]"
-174189.5,-439.17,-8.45524298256461,"(-1.8e+05,-1.74e+05]"
-173354.5,-434.8,-7.77329170273278,"(-1.74e+05,-1.69e+05]"
-172518,-436.32,-8.01049214789167,"(-1.74e+05,-1.69e+05]"
-171675.5,-431.98,-7.33322245579325,"(-1.74e+05,-1.69e+05]"
-170864,-432.57,-7.42529368121676,"(-1.74e+05,-1.69e+05]"
-170099.5,-424.97,-6.23929145542228,"(-1.74e+05,-1.69e+05]"
-169319,-437.51,-8.19619512798318,"(-1.74e+05,-1.69e+05]"
-168507.5,-434.18,-7.67653888957586,"(-1.69e+05,-1.63e+05]"
-167714.5,-430.86,-7.15844318041301,"(-1.69e+05,-1.63e+05]"
-166962,-428.55,-6.79796092494126,"(-1.69e+05,-1.63e+05]"
-166239,-425.53,-6.32668109311239,"(-1.69e+05,-1.63e+05]"
-165512.5,-430.53,-7.10694571534561,"(-1.69e+05,-1.63e+05]"
-164759,-435.09,-7.8185470508223,"(-1.69e+05,-1.63e+05]"
-163967,-437.62,-8.21336094967231,"(-1.69e+05,-1.63e+05]"
-163147.5,-438.67,-8.37721652034129,"(-1.63e+05,-1.58e+05]"
-162324.5,-436.78,-8.08227649313713,"(-1.63e+05,-1.58e+05]"
-161525.5,-434.04,-7.65469148015333,"(-1.63e+05,-1.58e+05]"
-160774.5,-427.55,-6.64190800049462,"(-1.63e+05,-1.58e+05]"
-160043.5,-423.84,-6.06295165079757,"(-1.63e+05,-1.58e+05]"
-159292,-435.77,-7.92466303944602,"(-1.63e+05,-1.58e+05]"
-158544.5,-432.05,-7.34414616050451,"(-1.63e+05,-1.58e+05]"
-157831.5,-426.93,-6.5451551873377,"(-1.58e+05,-1.52e+05]"
-157142.5,-427.36,-6.61225794484976,"(-1.58e+05,-1.52e+05]"
-156408,-438.65,-8.37409546185235,"(-1.58e+05,-1.52e+05]"
-155618.5,-439.72,-8.54107209101026,"(-1.58e+05,-1.52e+05]"
-154817.5,-441.16,-8.76578830221343,"(-1.58e+05,-1.52e+05]"
-154009,-438.98,-8.42559292691975,"(-1.58e+05,-1.52e+05]"
-153198,-441.06,-8.75018300976876,"(-1.58e+05,-1.52e+05]"
-152405,-437.71,-8.22740571287251,"(-1.58e+05,-1.52e+05]"
-151642.5,-435.65,-7.90593668851242,"(-1.52e+05,-1.47e+05]"
-150910,-431.7,-7.28952763694818,"(-1.52e+05,-1.47e+05]"
-150200,-433.21,-7.52516755286261,"(-1.52e+05,-1.47e+05]"
-149503,-430.22,-7.05856930876716,"(-1.52e+05,-1.47e+05]"
-148815,-430.65,-7.12567206627921,"(-1.52e+05,-1.47e+05]"
-148134.5,-429.4,-6.9306059107209,"(-1.52e+05,-1.47e+05]"
-147431,-436,-7.96055521206875,"(-1.52e+05,-1.47e+05]"
-146706,-433.21,-7.52516755286261,"(-1.47e+05,-1.42e+05]"
-145978.5,-435.28,-7.84819710646716,"(-1.47e+05,-1.42e+05]"
-145261,-430.74,-7.13971682947941,"(-1.47e+05,-1.42e+05]"
-144553,-435.89,-7.94338939037962,"(-1.47e+05,-1.42e+05]"
-143825.5,-435.92,-7.94807097811302,"(-1.47e+05,-1.42e+05]"
-143084.5,-437.25,-8.15562136762705,"(-1.47e+05,-1.42e+05]"
-142342,-436.97,-8.111926548782,"(-1.47e+05,-1.42e+05]"
-141607.5,-435.2,-7.83571287251143,"(-1.47e+05,-1.42e+05]"
-140874,-436.46,-8.0323395573142,"(-1.42e+05,-1.36e+05]"
-140124,-438.64,-8.37253493260788,"(-1.42e+05,-1.36e+05]"
-139362.5,-440.53,-8.66747495981204,"(-1.42e+05,-1.36e+05]"
-138610.5,-437.05,-8.12441078273772,"(-1.42e+05,-1.36e+05]"
-137853.5,-440.43,-8.65186966736738,"(-1.42e+05,-1.36e+05]"
-137082.5,-440.71,-8.69556448621243,"(-1.42e+05,-1.36e+05]"
-136338,-435.18,-7.8325918140225,"(-1.42e+05,-1.36e+05]"
-135625,-434.47,-7.72179423766539,"(-1.36e+05,-1.31e+05]"
-134909.5,-436.27,-8.00268950166934,"(-1.36e+05,-1.31e+05]"
-134202.5,-433.24,-7.52984914059602,"(-1.36e+05,-1.31e+05]"
-133519.5,-432.18,-7.36443304068257,"(-1.36e+05,-1.31e+05]"
-132881.5,-423.3,-5.97868307159639,"(-1.36e+05,-1.31e+05]"
-132307.5,-418.4,-5.21402374180783,"(-1.36e+05,-1.31e+05]"
-131784,-411.61,-4.15442438481513,"(-1.36e+05,-1.31e+05]"
-131284.5,-413.88,-4.50866452330901,"(-1.36e+05,-1.31e+05]"
-130808,-405.2,-3.15412513911215,"(-1.36e+05,-1.31e+05]"
-130374,-399.17,-2.2131260046989,"(-1.31e+05,-1.25e+05]"
-129969.5,-398.14,-2.05239149251885,"(-1.31e+05,-1.25e+05]"
-129588.5,-392.06,-1.10358971188327,"(-1.31e+05,-1.25e+05]"
-129237,-386.42,-0.223451218004203,"(-1.31e+05,-1.25e+05]"
-128901.5,-386.35,-0.21252751329294,"(-1.31e+05,-1.25e+05]"
-128575,-383.51,0.230662792135531,"(-1.31e+05,-1.25e+05]"
-128266,-376.11,1.38545443304068,"(-1.31e+05,-1.25e+05]"
-127976,-374.89,1.57583900086559,"(-1.31e+05,-1.25e+05]"
-127699.5,-371.99,2.02839248176085,"(-1.31e+05,-1.25e+05]"
-127430,-370.95,2.19068752318536,"(-1.31e+05,-1.25e+05]"
-127161.5,-371.18,2.15479535056263,"(-1.31e+05,-1.25e+05]"
-126898,-369.51,2.41540373438853,"(-1.31e+05,-1.25e+05]"
-126641.5,-367.92,2.66352788425869,"(-1.31e+05,-1.25e+05]"
-126391.5,-366.68,2.85703351057253,"(-1.31e+05,-1.25e+05]"
-126148,-364.29,3.23,"(-1.31e+05,-1.25e+05]"
-125899,-370.66,2.23594287127488,"(-1.31e+05,-1.25e+05]"
-125640.5,-371.95,2.03463459873872,"(-1.31e+05,-1.25e+05]"
-125371,-375.92,1.41510448868555,"(-1.31e+05,-1.25e+05]"
-125087.5,-381.74,0.506876468406086,"(-1.25e+05,-1.2e+05]"
-124797.5,-379.03,0.929779893656493,"(-1.25e+05,-1.2e+05]"
-124507.5,-381.58,0.531844936317552,"(-1.25e+05,-1.2e+05]"
-124209,-385.4,-0.064277235068622,"(-1.25e+05,-1.2e+05]"
-123895,-388.38,-0.52931494991962,"(-1.25e+05,-1.2e+05]"
-123576.5,-387.31,-0.362338320761713,"(-1.25e+05,-1.2e+05]"
-123257.5,-389.74,-0.741546927167057,"(-1.25e+05,-1.2e+05]"
-122942.5,-386.62,-0.25466180289353,"(-1.25e+05,-1.2e+05]"
-122631.5,-386.26,-0.198482750092737,"(-1.25e+05,-1.2e+05]"
-122319.5,-387.82,-0.4419253122295,"(-1.25e+05,-1.2e+05]"
-122005.5,-388.45,-0.540238654630884,"(-1.25e+05,-1.2e+05]"
-121712,-379.21,0.901690367256097,"(-1.25e+05,-1.2e+05]"
-121431.5,-384.48,0.079291455422283,"(-1.25e+05,-1.2e+05]"
-121135.5,-383.31,0.261873377024858,"(-1.25e+05,-1.2e+05]"
-120835.5,-385.52,-0.0830035860022198,"(-1.25e+05,-1.2e+05]"
-120539,-386.45,-0.228132805737598,"(-1.25e+05,-1.2e+05]"
-120240.5,-385.13,-0.0221429454680311,"(-1.25e+05,-1.2e+05]"
-119938,-386.73,-0.271827624582663,"(-1.25e+05,-1.2e+05]"
-119642,-381.3,0.575539755162608,"(-1.2e+05,-1.14e+05]"
-119350.5,-389.2,-0.657278347965866,"(-1.2e+05,-1.14e+05]"
-119057.5,-385.96,-0.151666872758742,"(-1.2e+05,-1.14e+05]"
-118762,-386.71,-0.268706566093724,"(-1.2e+05,-1.14e+05]"
-118463,-387.93,-0.459091133918633,"(-1.2e+05,-1.14e+05]"
-118162,-387.06,-0.323325089650053,"(-1.2e+05,-1.14e+05]"
-117856.5,-390.83,-0.911644614813893,"(-1.2e+05,-1.14e+05]"
-117551,-388.04,-0.476256955607766,"(-1.2e+05,-1.14e+05]"
-117244.5,-392.11,-1.1113923581056,"(-1.2e+05,-1.14e+05]"
-116936.5,-390.35,-0.83673921107951,"(-1.2e+05,-1.14e+05]"
-116626,-393.92,-1.39384815135402,"(-1.2e+05,-1.14e+05]"
-116310,-393.74,-1.36575862495363,"(-1.2e+05,-1.14e+05]"
-115998.5,-390.98,-0.935052553480895,"(-1.2e+05,-1.14e+05]"
-115697,-385.01,-0.00341659453443333,"(-1.2e+05,-1.14e+05]"
-115389,-392.03,-1.09890812414986,"(-1.2e+05,-1.14e+05]"
-115068.5,-398.33,-2.08204154816371,"(-1.2e+05,-1.14e+05]"
-114750,-396.96,-1.86824904167181,"(-1.2e+05,-1.14e+05]"
-114436,-399.75,-2.30363670087795,"(-1.2e+05,-1.14e+05]"
-114118.5,-400.69,-2.45032644985779,"(-1.14e+05,-1.09e+05]"
-113796,-402.56,-2.74214541857302,"(-1.14e+05,-1.09e+05]"
-113467.5,-407.14,-3.45686781253864,"(-1.14e+05,-1.09e+05]"
-113121.5,-407.38,-3.49432051440583,"(-1.14e+05,-1.09e+05]"
-112764,-407.57,-3.52397057005069,"(-1.14e+05,-1.09e+05]"
-112405.5,-408.17,-3.61760232471868,"(-1.14e+05,-1.09e+05]"
-112040.5,-410.71,-4.01397675281315,"(-1.14e+05,-1.09e+05]"
-111667.5,-411.36,-4.11541115370347,"(-1.14e+05,-1.09e+05]"
-111287,-415.69,-4.79112031655743,"(-1.14e+05,-1.09e+05]"
-110895,-417.61,-5.09074193149499,"(-1.14e+05,-1.09e+05]"
-110495,-421.39,-5.6806219859033,"(-1.14e+05,-1.09e+05]"
-110086.5,-422.07,-5.78673797452701,"(-1.14e+05,-1.09e+05]"
-109658.5,-424.8,-6.21276245826635,"(-1.14e+05,-1.09e+05]"
-109215.5,-425.13,-6.26425992333374,"(-1.14e+05,-1.09e+05]"
-108772,-423.09,-5.94591195746259,"(-1.09e+05,-1.03e+05]"
-108330.5,-424.11,-6.10508594039817,"(-1.09e+05,-1.03e+05]"
-107885,-424.45,-6.15814393471002,"(-1.09e+05,-1.03e+05]"
-107433.5,-425.65,-6.34540744404599,"(-1.09e+05,-1.03e+05]"
-106974.5,-430.45,-7.09446148138988,"(-1.09e+05,-1.03e+05]"
-106506.5,-429.59,-6.96025596636576,"(-1.09e+05,-1.03e+05]"
-106039.5,-431.09,-7.19433535303573,"(-1.09e+05,-1.03e+05]"
-105578.5,-425.39,-6.30483368368987,"(-1.09e+05,-1.03e+05]"
-105123,-421.95,-5.76801162359342,"(-1.09e+05,-1.03e+05]"
-104673,-417.44,-5.06421293433906,"(-1.09e+05,-1.03e+05]"
-104227.5,-412.14,-4.23713243477185,"(-1.09e+05,-1.03e+05]"
-103787,-417.05,-5.00335229380487,"(-1.09e+05,-1.03e+05]"
-103351.5,-419.2,-5.33886608136515,"(-1.03e+05,-9.8e+04]"
-102921.5,-422.03,-5.78049585754914,"(-1.03e+05,-9.8e+04]"
-102495.5,-419.54,-5.39192407567701,"(-1.03e+05,-9.8e+04]"
-102074,-423.74,-6.04734635835291,"(-1.03e+05,-9.8e+04]"
-101657.5,-426,-6.40002596760232,"(-1.03e+05,-9.8e+04]"
-101245.5,-430.78,-7.14595894645727,"(-1.03e+05,-9.8e+04]"
-100832.5,-426.82,-6.52798936564857,"(-1.03e+05,-9.8e+04]"
-100425,-421.72,-5.73211945097069,"(-1.03e+05,-9.8e+04]"
-100030.8,-421.08,-5.63224557932484,"(-1.03e+05,-9.8e+04]"
-99639,-421.79,-5.74304315568196,"(-1.03e+05,-9.8e+04]"
-99252.1,-419.42,-5.37319772474341,"(-1.03e+05,-9.8e+04]"
-98878.3,-417.28,-5.03924446642759,"(-1.03e+05,-9.8e+04]"
-98512.05,-416.2,-4.87070730802522,"(-1.03e+05,-9.8e+04]"
-98150.6,-416.96,-4.98930753060467,"(-1.03e+05,-9.8e+04]"
-97786.55,-418.8,-5.27644491158649,"(-9.8e+04,-9.26e+04]"
-97410.75,-420.95,-5.61195869914677,"(-9.8e+04,-9.26e+04]"
-97030.65,-420.05,-5.4715110671448,"(-9.8e+04,-9.26e+04]"
-96652,-420.79,-5.58699023123532,"(-9.8e+04,-9.26e+04]"
-96278.1,-418.34,-5.20466056634103,"(-9.8e+04,-9.26e+04]"
-95907.2,-420.55,-5.54953752936812,"(-9.8e+04,-9.26e+04]"
-95537.35,-418.7,-5.26083961914183,"(-9.8e+04,-9.26e+04]"
-95164.85,-421.43,-5.68686410288116,"(-9.8e+04,-9.26e+04]"
-94795.3,-418.89,-5.29048967478669,"(-9.8e+04,-9.26e+04]"
-94424.45,-421.43,-5.68686410288116,"(-9.8e+04,-9.26e+04]"
-94045.15,-422.13,-5.79610114999381,"(-9.8e+04,-9.26e+04]"
-93671.5,-419.07,-5.31857920118709,"(-9.8e+04,-9.26e+04]"
-93303.1,-420.84,-5.59479287745764,"(-9.8e+04,-9.26e+04]"
-92937.15,-419.21,-5.34042661060961,"(-9.8e+04,-9.26e+04]"
-92581.2,-415.33,-4.73494126375664,"(-9.8e+04,-9.26e+04]"
-92222.4,-420.48,-5.53861382465686,"(-9.26e+04,-8.71e+04]"
-91852.75,-420.03,-5.46839000865586,"(-9.26e+04,-8.71e+04]"
-91482.15,-420.75,-5.58074811425745,"(-9.26e+04,-8.71e+04]"
-91105.4,-422.9,-5.91626190181772,"(-9.26e+04,-8.71e+04]"
-90725.15,-421.55,-5.70559045381476,"(-9.26e+04,-8.71e+04]"
-90346.6,-422.52,-5.856961790528,"(-9.26e+04,-8.71e+04]"
-89975.1,-419.45,-5.37787931247681,"(-9.26e+04,-8.71e+04]"
-89597.5,-425.38,-6.3032731544454,"(-9.26e+04,-8.71e+04]"
-89206.35,-425.75,-6.36101273649066,"(-9.26e+04,-8.71e+04]"
-88813.05,-426.13,-6.42031284778038,"(-9.26e+04,-8.71e+04]"
-88419.2,-425.32,-6.2939099789786,"(-9.26e+04,-8.71e+04]"
-88025.55,-424.3,-6.13473599604303,"(-9.26e+04,-8.71e+04]"
-87640.05,-422.06,-5.78517744528255,"(-9.26e+04,-8.71e+04]"
-87273.2,-419.24,-5.34510819834302,"(-9.26e+04,-8.71e+04]"
-86910.5,-422.76,-5.8944144923952,"(-8.71e+04,-8.17e+04]"
-86538.9,-423.4,-5.99428836404105,"(-8.71e+04,-8.17e+04]"
-86162.9,-424.3,-6.13473599604303,"(-8.71e+04,-8.17e+04]"
-85775.8,-427.21,-6.58885000618276,"(-8.71e+04,-8.17e+04]"
-85380.3,-427.58,-6.64658958822801,"(-8.71e+04,-8.17e+04]"
-84985.95,-429.29,-6.91344008903178,"(-8.71e+04,-8.17e+04]"
-84587.75,-430.66,-7.12723259552368,"(-8.71e+04,-8.17e+04]"
-84202.5,-425.36,-6.30015209595647,"(-8.71e+04,-8.17e+04]"
-83837.5,-422.67,-5.880369729195,"(-8.71e+04,-8.17e+04]"
-83484.55,-420.22,-5.49804006430073,"(-8.71e+04,-8.17e+04]"
-83141.65,-419.54,-5.39192407567701,"(-8.71e+04,-8.17e+04]"
-82810.8,-416.03,-4.84417831086929,"(-8.71e+04,-8.17e+04]"
-82488.65,-417.42,-5.06109187585013,"(-8.71e+04,-8.17e+04]"
-82171.3,-414.84,-4.65847533077778,"(-8.71e+04,-8.17e+04]"
-81862.9,-413.74,-4.48681711388648,"(-8.71e+04,-8.17e+04]"
-81557.95,-412.31,-4.26366143192778,"(-8.17e+04,-7.62e+04]"
-81259.4,-410.35,-3.95779770001237,"(-8.17e+04,-7.62e+04]"
-80965.35,-412.04,-4.22152714232719,"(-8.17e+04,-7.62e+04]"
-80672.85,-410,-3.90317917645604,"(-8.17e+04,-7.62e+04]"
-80382.6,-411.5,-4.137258563126,"(-8.17e+04,-7.62e+04]"
-80085.75,-414.9,-4.66783850624458,"(-8.17e+04,-7.62e+04]"
-79785.75,-413.18,-4.39942747619636,"(-8.17e+04,-7.62e+04]"
-79484.65,-415.48,-4.75834920242364,"(-8.17e+04,-7.62e+04]"
-79178.65,-416.01,-4.84105725238036,"(-8.17e+04,-7.62e+04]"
-78864.9,-419.69,-5.415332014344,"(-8.17e+04,-7.62e+04]"
-78540.15,-421.57,-5.70871151230369,"(-8.17e+04,-7.62e+04]"
-78215.65,-418.95,-5.29985285025349,"(-8.17e+04,-7.62e+04]"
-77894.3,-420.97,-5.61507975763571,"(-8.17e+04,-7.62e+04]"
-77569.5,-420.89,-5.60259552367997,"(-8.17e+04,-7.62e+04]"
-77242.25,-421.75,-5.73680103870409,"(-8.17e+04,-7.62e+04]"
-76915.75,-421.66,-5.7227562755039,"(-8.17e+04,-7.62e+04]"
-76575.7,-426.17,-6.42655496475825,"(-8.17e+04,-7.62e+04]"
-76231.85,-423.49,-6.00833312724125,"(-7.62e+04,-7.08e+04]"
-75890.5,-427.48,-6.63098429578335,"(-7.62e+04,-7.08e+04]"
-75537.3,-428.44,-6.78079510325213,"(-7.62e+04,-7.08e+04]"
-75177.75,-430.18,-7.05232719178929,"(-7.62e+04,-7.08e+04]"
-74824.4,-425.94,-6.39066279213552,"(-7.62e+04,-7.08e+04]"
-74471.35,-429.55,-6.9540138493879,"(-7.62e+04,-7.08e+04]"
-74107.55,-430.37,-7.08197724743415,"(-7.62e+04,-7.08e+04]"
-73739.9,-431.23,-7.21618276245827,"(-7.62e+04,-7.08e+04]"
-73369.8,-430.7,-7.13347471250154,"(-7.62e+04,-7.08e+04]"
-73012.45,-426.08,-6.41251020155805,"(-7.62e+04,-7.08e+04]"
-72675.5,-422.97,-5.927185606529,"(-7.62e+04,-7.08e+04]"
-72358.85,-416.41,-4.90347842215902,"(-7.62e+04,-7.08e+04]"
-72049.15,-419.96,-5.4574663039446,"(-7.62e+04,-7.08e+04]"
-71729.5,-422.76,-5.8944144923952,"(-7.62e+04,-7.08e+04]"
-71393.8,-427.48,-6.63098429578335,"(-7.62e+04,-7.08e+04]"
-71040.95,-429,-6.86818474094225,"(-7.62e+04,-7.08e+04]"
-70670.9,-434.6,-7.74208111784345,"(-7.08e+04,-6.54e+04]"
-70280.5,-437.1,-8.13221342896006,"(-7.08e+04,-6.54e+04]"
-69897.9,-431.37,-7.23803017188079,"(-7.08e+04,-6.54e+04]"
-69537.5,-428.49,-6.78859774947446,"(-7.08e+04,-6.54e+04]"
-69186.8,-427.79,-6.67936070236181,"(-7.08e+04,-6.54e+04]"
-68844.85,-424.84,-6.21900457524421,"(-7.08e+04,-6.54e+04]"
-68513.2,-423.4,-5.99428836404105,"(-7.08e+04,-6.54e+04]"
-68172.85,-430.15,-7.04764560405589,"(-7.08e+04,-6.54e+04]"
-67805.4,-434.37,-7.70618894522072,"(-7.08e+04,-6.54e+04]"
-67412,-439.67,-8.53326944478793,"(-7.08e+04,-6.54e+04]"
-66996,-443.29,-9.09818103128478,"(-7.08e+04,-6.54e+04]"
-66589.6,-436.18,-7.98864473846915,"(-7.08e+04,-6.54e+04]"
-66190.95,-441.25,-8.77983306541362,"(-7.08e+04,-6.54e+04]"
-65784.6,-439.38,-8.4880140966984,"(-7.08e+04,-6.54e+04]"
-65375.1,-442.33,-8.948370223816,"(-7.08e+04,-6.54e+04]"
-64960.35,-441.36,-8.79699888710276,"(-6.54e+04,-5.99e+04]"
-64548.25,-442.02,-8.89999381723753,"(-6.54e+04,-5.99e+04]"
-64131.1,-443.41,-9.11690738221838,"(-6.54e+04,-5.99e+04]"
-63714.5,-441.4,-8.80324100408062,"(-6.54e+04,-5.99e+04]"
-63312.65,-438.62,-8.36941387411895,"(-6.54e+04,-5.99e+04]"
-62915.15,-440.55,-8.67059601830097,"(-6.54e+04,-5.99e+04]"
-62517.9,-438.53,-8.35536911091875,"(-6.54e+04,-5.99e+04]"
-62139.1,-434.3,-7.69526524050946,"(-6.54e+04,-5.99e+04]"
-61766.45,-437.38,-8.17590824780511,"(-6.54e+04,-5.99e+04]"
-61372.15,-442.67,-9.00142821812786,"(-6.54e+04,-5.99e+04]"
-60974.55,-438.3,-8.31947693829603,"(-6.54e+04,-5.99e+04]"
-60593.35,-437.01,-8.11816866575986,"(-6.54e+04,-5.99e+04]"
-60224.25,-434.73,-7.76236799802152,"(-6.54e+04,-5.99e+04]"
-59869.25,-431.78,-7.30201187090391,"(-5.99e+04,-5.45e+04]"
-59528.7,-429.61,-6.9633770248547,"(-5.99e+04,-5.45e+04]"
-59197.6,-428.02,-6.71525287498454,"(-5.99e+04,-5.45e+04]"
-58871.65,-427.67,-6.66063435142822,"(-5.99e+04,-5.45e+04]"
-58546.2,-428.73,-6.82605045134166,"(-5.99e+04,-5.45e+04]"
-58229.65,-423.76,-6.05046741684184,"(-5.99e+04,-5.45e+04]"
-57923.95,-424.48,-6.16282552244343,"(-5.99e+04,-5.45e+04]"
-57623.1,-421.59,-5.71183257079262,"(-5.99e+04,-5.45e+04]"
-57328.55,-421.63,-5.71807468777049,"(-5.99e+04,-5.45e+04]"
-57040.45,-419.97,-5.45902683318907,"(-5.99e+04,-5.45e+04]"
-56756,-420.24,-5.50116112278966,"(-5.99e+04,-5.45e+04]"
-56461.2,-425.1,-6.25957833560035,"(-5.99e+04,-5.45e+04]"
-56156.6,-424.34,-6.14097811302089,"(-5.99e+04,-5.45e+04]"
-55855.2,-423.65,-6.03330159515271,"(-5.99e+04,-5.45e+04]"
-55556.15,-424.81,-6.21432298751082,"(-5.99e+04,-5.45e+04]"
-55245.85,-429.02,-6.87130579943118,"(-5.99e+04,-5.45e+04]"
-54921.45,-430.36,-7.08041671818969,"(-5.99e+04,-5.45e+04]"
-54585.05,-434.26,-7.68902312353159,"(-5.99e+04,-5.45e+04]"
-54246.3,-431.83,-7.30981451712625,"(-5.45e+04,-4.9e+04]"
-53920.8,-428.69,-6.81980833436379,"(-5.45e+04,-4.9e+04]"
-53607.85,-427.04,-6.56232100902683,"(-5.45e+04,-4.9e+04]"
-53288.6,-432.05,-7.34414616050451,"(-5.45e+04,-4.9e+04]"
-52972,-425.59,-6.33604426857919,"(-5.45e+04,-4.9e+04]"
-52669.85,-425.17,-6.27050204031161,"(-5.45e+04,-4.9e+04]"
-52368.2,-426.33,-6.45152343266971,"(-5.45e+04,-4.9e+04]"
-52080.5,-418.6,-5.24523432669717,"(-5.45e+04,-4.9e+04]"
-51798.3,-424.31,-6.1362965252875,"(-5.45e+04,-4.9e+04]"
-51506.4,-423.52,-6.01301471497464,"(-5.45e+04,-4.9e+04]"
-51208.5,-426.9,-6.5404735996043,"(-5.45e+04,-4.9e+04]"
-50910.9,-424.26,-6.12849387906516,"(-5.45e+04,-4.9e+04]"
-50613.9,-428.11,-6.72929763818474,"(-5.45e+04,-4.9e+04]"
-50306.9,-428.62,-6.80888462965253,"(-5.45e+04,-4.9e+04]"
-49990.05,-431.76,-7.29889081241498,"(-5.45e+04,-4.9e+04]"
-49670.05,-431.57,-7.26924075677012,"(-5.45e+04,-4.9e+04]"
-49352.5,-430.34,-7.07729565970075,"(-5.45e+04,-4.9e+04]"
-49035.5,-431.63,-7.27860393223692,"(-5.45e+04,-4.9e+04]"
-48716.95,-430.93,-7.16936688512427,"(-4.9e+04,-4.36e+04]"
-48390.3,-434.55,-7.73427847162112,"(-4.9e+04,-4.36e+04]"
-48060.9,-432.6,-7.42997526895017,"(-4.9e+04,-4.36e+04]"
-47733.95,-434.46,-7.72023370842092,"(-4.9e+04,-4.36e+04]"
-47407.55,-433.1,-7.50800173117349,"(-4.9e+04,-4.36e+04]"
-47080.25,-434.26,-7.68902312353159,"(-4.9e+04,-4.36e+04]"
-46762.4,-428.57,-6.80108198343019,"(-4.9e+04,-4.36e+04]"
-46463.3,-426.75,-6.5170656609373,"(-4.9e+04,-4.36e+04]"
-46170.3,-426.87,-6.5357920118709,"(-4.9e+04,-4.36e+04]"
-45888,-420.64,-5.56358229256831,"(-4.9e+04,-4.36e+04]"
-45617.15,-421.87,-5.75552738963769,"(-4.9e+04,-4.36e+04]"
-45343.05,-422.31,-5.82419067639421,"(-4.9e+04,-4.36e+04]"
-45065.2,-425.2,-6.275183628045,"(-4.9e+04,-4.36e+04]"
-44779.4,-427.74,-6.67155805613948,"(-4.9e+04,-4.36e+04]"
-44475.9,-431.54,-7.26455916903672,"(-4.9e+04,-4.36e+04]"
-44157.2,-435.38,-7.86380239891183,"(-4.9e+04,-4.36e+04]"
-43831.25,-437.13,-8.13689501669345,"(-4.9e+04,-4.36e+04]"
-43497.45,-438.2,-8.30387164585136,"(-4.36e+04,-3.82e+04]"
-43148.55,-434.8,-7.77329170273278,"(-4.36e+04,-3.82e+04]"
-42800.75,-431.91,-7.32229875108198,"(-4.36e+04,-3.82e+04]"
-42472.8,-430.01,-7.02579819463336,"(-4.36e+04,-3.82e+04]"
-42156.15,-435.24,-7.8419549894893,"(-4.36e+04,-3.82e+04]"
-41821.3,-437.61,-8.21180042042785,"(-4.36e+04,-3.82e+04]"
-41463.15,-440.27,-8.62690119945591,"(-4.36e+04,-3.82e+04]"
-41113.05,-436.27,-8.00268950166934,"(-4.36e+04,-3.82e+04]"
-40776.95,-433.14,-7.51424384815135,"(-4.36e+04,-3.82e+04]"
-40427.15,-439.01,-8.43027451465314,"(-4.36e+04,-3.82e+04]"
-40074.05,-436.29,-8.00581056015828,"(-4.36e+04,-3.82e+04]"
-39738.05,-435.83,-7.93402621491282,"(-4.36e+04,-3.82e+04]"
-39399.8,-439.01,-8.43027451465314,"(-4.36e+04,-3.82e+04]"
-39062.8,-436.94,-8.10724496104859,"(-4.36e+04,-3.82e+04]"
-38752.65,-429.96,-7.01799554841102,"(-4.36e+04,-3.82e+04]"
-38462,-428.13,-6.73241869667367,"(-4.36e+04,-3.82e+04]"
-38175.6,-427.01,-6.55763942129343,"(-4.36e+04,-3.82e+04]"
-37888,-429.23,-6.90407691356498,"(-3.82e+04,-3.27e+04]"
-37606.5,-422.69,-5.88349078768393,"(-3.82e+04,-3.27e+04]"
-37325.85,-429.71,-6.97898231729936,"(-3.82e+04,-3.27e+04]"
-37029.7,-431.8,-7.30513292939285,"(-3.82e+04,-3.27e+04]"
-36717.5,-436.7,-8.0697922591814,"(-3.82e+04,-3.27e+04]"
-36398.65,-435.79,-7.92778409793496,"(-3.82e+04,-3.27e+04]"
-36081.3,-437.91,-8.25861629776184,"(-3.82e+04,-3.27e+04]"
-35760.2,-436.67,-8.065110671448,"(-3.82e+04,-3.27e+04]"
-35444.2,-435.43,-7.87160504513416,"(-3.82e+04,-3.27e+04]"
-35135.4,-433.37,-7.55013602077408,"(-3.82e+04,-3.27e+04]"
-34832.25,-434.8,-7.77329170273278,"(-3.82e+04,-3.27e+04]"
-34523.75,-438.61,-8.36785334487449,"(-3.82e+04,-3.27e+04]"
-34188.2,-442.99,-9.05136515395078,"(-3.82e+04,-3.27e+04]"
-33847.2,-438.4,-8.33508223074069,"(-3.82e+04,-3.27e+04]"
-33531.45,-434.86,-7.78265487819958,"(-3.82e+04,-3.27e+04]"
-33218.25,-438.54,-8.35692964016322,"(-3.82e+04,-3.27e+04]"
-32893.95,-441.66,-8.84381476443675,"(-3.82e+04,-3.27e+04]"
-32574.95,-437.73,-8.23052677136144,"(-3.27e+04,-2.73e+04]"
-32267.35,-435.11,-7.82166810931124,"(-3.27e+04,-2.73e+04]"
-31955.1,-441.71,-8.85161741065908,"(-3.27e+04,-2.73e+04]"
-31623.45,-444.04,-9.21522072461976,"(-3.27e+04,-2.73e+04]"
-31292.5,-438.43,-8.33976381847409,"(-3.27e+04,-2.73e+04]"
-30956.8,-440.91,-8.72677507110177,"(-3.27e+04,-2.73e+04]"
-30615.1,-442.47,-8.97021763323853,"(-3.27e+04,-2.73e+04]"
-30287.65,-439.87,-8.56448002967726,"(-3.27e+04,-2.73e+04]"
-29977.75,-437.13,-8.13689501669345,"(-3.27e+04,-2.73e+04]"
-29680.55,-435.89,-7.94338939037962,"(-3.27e+04,-2.73e+04]"
-29370.85,-440.43,-8.65186966736738,"(-3.27e+04,-2.73e+04]"
-29048.45,-437.46,-8.18839248176084,"(-3.27e+04,-2.73e+04]"
-28717.25,-443.73,-9.1668443180413,"(-3.27e+04,-2.73e+04]"
-28386.5,-437.79,-8.23988994682824,"(-3.27e+04,-2.73e+04]"
-28066.4,-439,-8.42871398540868,"(-3.27e+04,-2.73e+04]"
-27738.3,-443.81,-9.17932855199703,"(-3.27e+04,-2.73e+04]"
-27398.5,-444.6,-9.30261036230988,"(-3.27e+04,-2.73e+04]"
-27057.4,-444.24,-9.24643130950909,"(-2.73e+04,-2.18e+04]"
-26717.1,-443.97,-9.2042970199085,"(-2.73e+04,-2.18e+04]"
-26376.5,-444.66,-9.31197353777668,"(-2.73e+04,-2.18e+04]"
-26032.9,-445.16,-9.39,"(-2.73e+04,-2.18e+04]"
-25686.85,-444.5,-9.28700506986521,"(-2.73e+04,-2.18e+04]"
-25346,-443.47,-9.12627055768517,"(-2.73e+04,-2.18e+04]"
-25008.15,-442.99,-9.05136515395078,"(-2.73e+04,-2.18e+04]"
-24673,-443.17,-9.07945468035118,"(-2.73e+04,-2.18e+04]"
-24344.5,-439.47,-8.5020588598986,"(-2.73e+04,-2.18e+04]"
-24021.1,-439.33,-8.48021145047607,"(-2.73e+04,-2.18e+04]"
-23688.85,-442.79,-9.02015456906146,"(-2.73e+04,-2.18e+04]"
-23354.35,-440.17,-8.61129590701125,"(-2.73e+04,-2.18e+04]"
-23021.65,-443.51,-9.13251267466303,"(-2.73e+04,-2.18e+04]"
-22693.05,-440.2,-8.61597749474465,"(-2.73e+04,-2.18e+04]"
-22369.6,-441.11,-8.7579856559911,"(-2.73e+04,-2.18e+04]"
-22038.7,-441.83,-8.87034376159267,"(-2.73e+04,-2.18e+04]"
-21707.05,-442.31,-8.94524916532706,"(-2.18e+04,-1.64e+04]"
-21380.3,-442.01,-8.89843328799307,"(-2.18e+04,-1.64e+04]"
-21057.85,-441.4,-8.80324100408062,"(-2.18e+04,-1.64e+04]"
-20728.1,-441.41,-8.80480153332509,"(-2.18e+04,-1.64e+04]"
-20387.25,-443.77,-9.17308643501916,"(-2.18e+04,-1.64e+04]"
-20051.75,-439.79,-8.55199579572153,"(-2.18e+04,-1.64e+04]"
-19722.25,-442.46,-8.96865710399406,"(-2.18e+04,-1.64e+04]"
-19390.15,-440.89,-8.72365401261283,"(-2.18e+04,-1.64e+04]"
-19058.15,-441.93,-8.88594905403734,"(-2.18e+04,-1.64e+04]"
-18729.6,-441.44,-8.80948312105848,"(-2.18e+04,-1.64e+04]"
-18404.55,-439.89,-8.56760108816619,"(-2.18e+04,-1.64e+04]"
-18088.8,-438.79,-8.39594287127488,"(-2.18e+04,-1.64e+04]"
-17788.35,-433.81,-7.6187993075306,"(-2.18e+04,-1.64e+04]"
-17500.6,-433.73,-7.60631507357487,"(-2.18e+04,-1.64e+04]"
-17229.05,-428.26,-6.75270557685173,"(-2.18e+04,-1.64e+04]"
-16968.8,-423.94,-6.07855694324224,"(-2.18e+04,-1.64e+04]"
-16713.9,-423.57,-6.02081736119698,"(-2.18e+04,-1.64e+04]"
-16471.2,-418.99,-5.30609496723136,"(-2.18e+04,-1.64e+04]"
-16240.85,-418.26,-5.1921763323853,"(-1.64e+04,-1.1e+04]"
-16013.65,-418.67,-5.25615803140843,"(-1.64e+04,-1.1e+04]"
-15791.45,-413.19,-4.40098800544083,"(-1.64e+04,-1.1e+04]"
-15582.7,-410.93,-4.04830839619142,"(-1.64e+04,-1.1e+04]"
-15375.05,-412.16,-4.24025349326079,"(-1.64e+04,-1.1e+04]"
-15163.8,-410.74,-4.01865834054655,"(-1.64e+04,-1.1e+04]"
-14964.45,-404.94,-3.11355137875602,"(-1.64e+04,-1.1e+04]"
-14775.2,-402.99,-2.80924817608507,"(-1.64e+04,-1.1e+04]"
-14583.45,-407.67,-3.53957586249536,"(-1.64e+04,-1.1e+04]"
-14381.9,-411.74,-4.1747112649932,"(-1.64e+04,-1.1e+04]"
-14174.7,-414.96,-4.67720168171138,"(-1.64e+04,-1.1e+04]"
-13970.65,-413.57,-4.46028811673055,"(-1.64e+04,-1.1e+04]"
-13772.65,-410.77,-4.02333992827995,"(-1.64e+04,-1.1e+04]"
-13571.7,-414.1,-4.54299616668728,"(-1.64e+04,-1.1e+04]"
-13363.75,-415.1,-4.69904909113392,"(-1.64e+04,-1.1e+04]"
-13154.05,-415.66,-4.78643872882404,"(-1.64e+04,-1.1e+04]"
-12949.1,-412.14,-4.23713243477185,"(-1.64e+04,-1.1e+04]"
-12755.6,-409.31,-3.79550265858785,"(-1.64e+04,-1.1e+04]"
-12570,-407.2,-3.46623098800544,"(-1.64e+04,-1.1e+04]"
-12391.7,-401.76,-2.6173030790157,"(-1.64e+04,-1.1e+04]"
-12222.85,-398.23,-2.06643625571905,"(-1.64e+04,-1.1e+04]"
-12065.35,-392.4,-1.15664770619512,"(-1.64e+04,-1.1e+04]"
-11912.6,-393.01,-1.25183999010758,"(-1.64e+04,-1.1e+04]"
-11760.55,-390.56,-0.869510325213302,"(-1.64e+04,-1.1e+04]"
-11611.45,-391.8,-1.06301595152714,"(-1.64e+04,-1.1e+04]"
-11462.2,-391.79,-1.06145542228268,"(-1.64e+04,-1.1e+04]"
-11311.7,-392.01,-1.09578706566093,"(-1.64e+04,-1.1e+04]"
-11160.3,-394.27,-1.44846667491034,"(-1.64e+04,-1.1e+04]"
-11007.95,-392.94,-1.24091628539631,"(-1.64e+04,-1.1e+04]"
-10857.65,-392.41,-1.1582082354396,"(-1.1e+04,-5.51e+03]"
-10714.65,-388.41,-0.533996537653024,"(-1.1e+04,-5.51e+03]"
-10573.05,-392.61,-1.18941882032892,"(-1.1e+04,-5.51e+03]"
-10429.5,-393.5,-1.32830592308643,"(-1.1e+04,-5.51e+03]"
-10289.8,-389.14,-0.647915172499067,"(-1.1e+04,-5.51e+03]"
-10150.7,-392.03,-1.09890812414986,"(-1.1e+04,-5.51e+03]"
-10009.6,-393.06,-1.25964263632991,"(-1.1e+04,-5.51e+03]"
-9870.475,-391.3,-0.98498948930382,"(-1.1e+04,-5.51e+03]"
-9731.575,-391.67,-1.04272907134908,"(-1.1e+04,-5.51e+03]"
-9588.325,-394.63,-1.50464572771114,"(-1.1e+04,-5.51e+03]"
-9444.125,-392.28,-1.13792135526152,"(-1.1e+04,-5.51e+03]"
-9300.325,-394.07,-1.41725609002102,"(-1.1e+04,-5.51e+03]"
-9150.525,-398.83,-2.16006801038704,"(-1.1e+04,-5.51e+03]"
-9000.225,-396.29,-1.76369358229257,"(-1.1e+04,-5.51e+03]"
-8850.975,-398.61,-2.12573636700878,"(-1.1e+04,-5.51e+03]"
-8700.2,-398.94,-2.17723383207617,"(-1.1e+04,-5.51e+03]"
-8551.75,-398.37,-2.08828366514158,"(-1.1e+04,-5.51e+03]"
-8401.725,-401.09,-2.51274761963645,"(-1.1e+04,-5.51e+03]"
-8247.775,-400.67,-2.44720539136886,"(-1.1e+04,-5.51e+03]"
-8092.125,-404.27,-3.00899591937677,"(-1.1e+04,-5.51e+03]"
-7940.075,-400.49,-2.41911586496847,"(-1.1e+04,-5.51e+03]"
-7792.2,-398.07,-2.04146778780759,"(-1.1e+04,-5.51e+03]"
-7644.9,-397.46,-1.94627550389513,"(-1.1e+04,-5.51e+03]"
-7500.7,-395.3,-1.60920118709039,"(-1.1e+04,-5.51e+03]"
-7352.6,-402.39,-2.71561642141708,"(-1.1e+04,-5.51e+03]"
-7199.35,-398.9,-2.1709917150983,"(-1.1e+04,-5.51e+03]"
-7046.4,-402.01,-2.65631631012736,"(-1.1e+04,-5.51e+03]"
-6897.05,-398.96,-2.1803548905651,"(-1.1e+04,-5.51e+03]"
-6752.3,-396.24,-1.75589093607023,"(-1.1e+04,-5.51e+03]"
-6605.225,-398.03,-2.03522567082972,"(-1.1e+04,-5.51e+03]"
-6459.325,-400.19,-2.37229998763447,"(-1.1e+04,-5.51e+03]"
-6315.525,-397.54,-1.95875973785087,"(-1.1e+04,-5.51e+03]"
-6172.525,-397.56,-1.9618807963398,"(-1.1e+04,-5.51e+03]"
-6033.1,-396.41,-1.78241993322617,"(-1.1e+04,-5.51e+03]"
-5892.45,-397.51,-1.95407815011747,"(-1.1e+04,-5.51e+03]"
-5752.6,-393.1,-1.26588475330778,"(-1.1e+04,-5.51e+03]"
-5616.45,-395.29,-1.60764065784593,"(-1.1e+04,-5.51e+03]"
-5478.925,-396.94,-1.86512798318288,"(-5.51e+03,670]"
-5338.825,-399.23,-2.2224891801657,"(-5.51e+03,670]"
-5198.05,-395.53,-1.64509335971311,"(-5.51e+03,670]"
-5061.45,-394.1,-1.42193767775442,"(-5.51e+03,670]"
-4926.05,-396.07,-1.7293619389143,"(-5.51e+03,670]"
-4789.95,-395.27,-1.60451959935699,"(-5.51e+03,670]"
-4653.5,-396.91,-1.86044639544949,"(-5.51e+03,670]"
-4515.4,-396.2,-1.74964881909237,"(-5.51e+03,670]"
-4381.55,-395,-1.5623853097564,"(-5.51e+03,670]"
-4251,-395.2,-1.59359589464572,"(-5.51e+03,670]"
-4117.6,-395.27,-1.60451959935699,"(-5.51e+03,670]"
-3982.85,-394.44,-1.47499567206628,"(-5.51e+03,670]"
-3850.125,-396.24,-1.75589093607023,"(-5.51e+03,670]"
-3723.125,-393.87,-1.38604550513169,"(-5.51e+03,670]"
-3601.225,-393.87,-1.38604550513169,"(-5.51e+03,670]"
-3478.525,-394.81,-1.53273525411153,"(-5.51e+03,670]"
-3351.975,-397.56,-1.9618807963398,"(-5.51e+03,670]"
-3221.425,-399.5,-2.26462346976629,"(-5.51e+03,670]"
-3094.375,-395.95,-1.7106355879807,"(-5.51e+03,670]"
-2970.225,-396.33,-1.76993569927043,"(-5.51e+03,670]"
-2848.85,-393.96,-1.40009026833188,"(-5.51e+03,670]"
-2729.3,-393.74,-1.36575862495363,"(-5.51e+03,670]"
-2604.15,-395.1,-1.57799060220106,"(-5.51e+03,670]"
-2474.6,-397.01,-1.87605168789415,"(-5.51e+03,670]"
-2343.4,-402.41,-2.71873747990602,"(-5.51e+03,670]"
-2215.35,-396.97,-1.86980957091629,"(-5.51e+03,670]"
-2092.65,-396.96,-1.86824904167181,"(-5.51e+03,670]"
-1971.9,-397.89,-2.01337826140719,"(-5.51e+03,670]"
-1852.45,-396.51,-1.79802522567083,"(-5.51e+03,670]"
-1736.35,-397.54,-1.95875973785087,"(-5.51e+03,670]"
-1625.275,-397.49,-1.95095709162854,"(-5.51e+03,670]"
-1516.875,-396.86,-1.85264374922715,"(-5.51e+03,670]"
-1410.575,-395.44,-1.63104859651292,"(-5.51e+03,670]"
-1310.125,-394.3,-1.45314826264375,"(-5.51e+03,670]"
-1212.525,-393.51,-1.3298664523309,"(-5.51e+03,670]"
-1114.175,-396.37,-1.7761778162483,"(-5.51e+03,670]"
-1014.775,-396.96,-1.86824904167181,"(-5.51e+03,670]"
-915.575,-398.81,-2.15694695189811,"(-5.51e+03,670]"
-821.825,-392.33,-1.14572400148386,"(-5.51e+03,670]"
-730.425,-400.54,-2.4269185111908,"(-5.51e+03,670]"
-639.625,-394.86,-1.54053790033387,"(-5.51e+03,670]"
-549.875,-397.83,-2.00401508594039,"(-5.51e+03,670]"
-460.325,-398.49,-2.10701001607518,"(-5.51e+03,670]"
-374.775,-400.07,-2.35357363670087,"(-5.51e+03,670]"
-294.5,-398.11,-2.04770990478546,"(-5.51e+03,670]"
-215.5,-398.19,-2.06019413874119,"(-5.51e+03,670]"
-138.5,-396.49,-1.7949041671819,"(-5.51e+03,670]"
-70,-391.2,-0.969384196859151,"(-5.51e+03,670]"
