"year","dOice"
-122950,-32.62
-122900,-32.62
-122850,-32.68
-122800,-32.47
-122750,-32.49
-122700,-32.64
-122650,-32.64
-122600,-32.58
-122550,-32.59
-122500,-32.49
-122450,-32.36
-122400,-32.33
-122350,-32.3
-122300,-32.33
-122250,-32.34
-122200,-32.32
-122150,-32.15
-122100,-32.27
-122050,-32.26
-122000,-32.34
-121950,-32.37
-121900,-32.39
-121850,-32.35
-121800,-32.45
-121750,-32.46
-121700,-32.33
-121650,-32.43
-121600,-32.39
-121550,-32.64
-121500,-32.89
-121450,-32.69
-121400,-32.6
-121350,-32.7
-121300,-32.67
-121250,-32.85
-121200,-32.79
-121150,-33.14
-121100,-33.32
-121050,-33.34
-121000,-33.35
-120950,-33.39
-120900,-33.67
-120850,-33.66
-120800,-33.54
-120750,-33.81
-120700,-33.95
-120650,-34.03
-120600,-34.18
-120550,-34.2
-120500,-34.32
-120450,-34.35
-120400,-34.29
-120350,-34.48
-120300,-34.61
-120250,-34.32
-120200,-34.41
-120150,-34.52
-120100,-34.72
-120050,-34.81
-120000,-34.74
-119950,-35.01
-119900,-34.93
-119850,-34.68
-119800,-34.88
-119750,-35.35
-119700,-35.49
-119650,-35.45
-119600,-35.65
-119550,-35.6
-119500,-35.7
-119450,-35.8
-119400,-35.85
-119350,-36.69
-119300,-36.68
-119250,-36.35
-119200,-36.95
-119150,-36.98
-119100,-36.99
-119050,-36.82
-119000,-36.7
-118950,-37.2
-118900,-37.51
-118850,-37.3
-118800,-37.12
-118750,-37.31
-118700,-37.48
-118650,-37.17
-118600,-37.26
-118550,-36.92
-118500,-37.32
-118450,-37.59
-118400,-37.68
-118350,-37.78
-118300,-37.88
-118250,-37.88
-118200,-37.75
-118150,-37.63
-118100,-37.7
-118050,-37.52
-118000,-37.42
-117950,-37.27
-117900,-37.39
-117850,-37.67
-117800,-37.69
-117750,-37.81
-117700,-37.72
-117650,-37.35
-117600,-37.74
-117550,-38
-117500,-38.15
-117450,-38.21
-117400,-38.16
-117350,-38
-117300,-38.01
-117250,-37.9
-117200,-38.03
-117150,-38.07
-117100,-38.05
-117050,-38.11
-117000,-38.26
-116950,-38.39
-116900,-38.4
-116850,-38.11
-116800,-37.97
-116750,-38.14
-116700,-38.48
-116650,-38.03
-116600,-37.86
-116550,-38.42
-116500,-38.33
-116450,-38.37
-116400,-38.45
-116350,-38.09
-116300,-38.13
-116250,-38.52
-116200,-38.63
-116150,-38.56
-116100,-38.58
-116050,-38.74
-116000,-38.41
-115950,-38.3
-115900,-38.61
-115850,-38.56
-115800,-38.51
-115750,-38.62
-115700,-38.01
-115650,-38.49
-115600,-38.8
-115550,-38.46
-115500,-37.99
-115450,-37.54
-115400,-36.97
-115350,-36.73
-115300,-36.99
-115250,-37.12
-115200,-37.17
-115150,-37.05
-115100,-37.18
-115050,-37.39
-115000,-37.34
-114950,-37.01
-114900,-36.95
-114850,-37.24
-114800,-37.07
-114750,-37.02
-114700,-37.24
-114650,-37.25
-114600,-37.2
-114550,-37.13
-114500,-37.29
-114450,-37.03
-114400,-37.25
-114350,-37.33
-114300,-37.28
-114250,-37.07
-114200,-37.18
-114150,-37.53
-114100,-37.46
-114050,-36.81
-114000,-37.31
-113950,-37.29
-113900,-37.02
-113850,-37.36
-113800,-37.07
-113750,-37.27
-113700,-37.22
-113650,-37.62
-113600,-37.52
-113550,-37.92
-113500,-37.75
-113450,-37.05
-113400,-37.2
-113350,-37.33
-113300,-37.2
-113250,-37.07
-113200,-36.98
-113150,-37.14
-113100,-37.73
-113050,-37.5
-113000,-37.37
-112950,-37.35
-112900,-37.28
-112850,-37.26
-112800,-37.4
-112750,-37.29
-112700,-37.41
-112650,-37.32
-112600,-37.62
-112550,-37.74
-112500,-38.13
-112450,-37.86
-112400,-37.91
-112350,-37.8
-112300,-37.91
-112250,-38.27
-112200,-37.9
-112150,-37.73
-112100,-38.41
-112050,-38.85
-112000,-39.01
-111950,-38.98
-111900,-38.83
-111850,-39.02
-111800,-38.8
-111750,-38.27
-111700,-38.69
-111650,-38.98
-111600,-39.12
-111550,-39.49
-111500,-39.91
-111450,-39.9
-111400,-39.47
-111350,-39.79
-111300,-39.79
-111250,-39.59
-111200,-39.61
-111150,-38.38
-111100,-38.24
-111050,-38.31
-111000,-38.2
-110950,-39.02
-110900,-40
-110850,-40.76
-110800,-41.24
-110750,-41.19
-110700,-41.18
-110650,-41.51
-110600,-41.51
-110550,-41.53
-110500,-41.79
-110450,-41.89
-110400,-41.46
-110350,-41.4
-110300,-41.28
-110250,-41.29
-110200,-41.25
-110150,-40.81
-110100,-41.11
-110050,-41.38
-110000,-41.26
-109950,-41.27
-109900,-41.33
-109850,-41.38
-109800,-41.41
-109750,-41.69
-109700,-41.5
-109650,-41.23
-109600,-40.91
-109550,-40.81
-109500,-40.72
-109450,-40.97
-109400,-41.1
-109350,-41.26
-109300,-41.22
-109250,-41.13
-109200,-40.49
-109150,-40.68
-109100,-40.84
-109050,-41.15
-109000,-40.95
-108950,-40.79
-108900,-40.49
-108850,-41.02
-108800,-41.27
-108750,-40.56
-108700,-39.55
-108650,-37.69
-108600,-36.53
-108550,-36.42
-108500,-36.67
-108450,-36.71
-108400,-36.75
-108350,-37.27
-108300,-37.29
-108250,-37.3
-108200,-37.06
-108150,-37.29
-108100,-37.65
-108050,-37.46
-108000,-37.42
-107950,-37.78
-107900,-37.42
-107850,-37.69
-107800,-37.82
-107750,-37.55
-107700,-37.48
-107650,-37.22
-107600,-37.51
-107550,-37.67
-107500,-37.49
-107450,-37.43
-107400,-37.43
-107350,-38.69
-107300,-39.94
-107250,-39.09
-107200,-36.74
-107150,-36.6
-107100,-37.07
-107050,-37.27
-107000,-37.43
-106950,-37.09
-106900,-37.32
-106850,-37.34
-106800,-38.37
-106750,-38.39
-106700,-37.45
-106650,-37.44
-106600,-37.59
-106550,-37.51
-106500,-37.43
-106450,-37.1
-106400,-37.22
-106350,-37.62
-106300,-37.51
-106250,-37.37
-106200,-37.72
-106150,-37.83
-106100,-37.95
-106050,-38.27
-106000,-39.77
-105950,-39.66
-105900,-39.76
-105850,-39.47
-105800,-39.47
-105750,-39.95
-105700,-40.19
-105650,-39.65
-105600,-39.6
-105550,-39.88
-105500,-40.01
-105450,-39.92
-105400,-39.87
-105350,-39.95
-105300,-39.94
-105250,-39.59
-105200,-39.62
-105150,-38.17
-105100,-36.67
-105050,-37.42
-105000,-39.32
-104950,-39.43
-104900,-39.7
-104850,-39.53
-104800,-39.54
-104750,-38.86
-104700,-37.7
-104650,-36.85
-104600,-37.08
-104550,-36.83
-104500,-36.47
-104450,-36.92
-104400,-36.51
-104350,-36.82
-104300,-36.9
-104250,-36.71
-104200,-36.91
-104150,-37.06
-104100,-36.92
-104050,-37.06
-104000,-36.84
-103950,-36.84
-103900,-36.77
-103850,-37.01
-103800,-36.53
-103750,-36.01
-103700,-36.94
-103650,-37.15
-103600,-37.04
-103550,-36.53
-103500,-36.41
-103450,-36.66
-103400,-36.81
-103350,-36.85
-103300,-37.43
-103250,-36.95
-103200,-36.56
-103150,-37.02
-103100,-37.02
-103050,-36.98
-103000,-37.08
-102950,-36.99
-102900,-37.08
-102850,-37.08
-102800,-37.16
-102750,-37.13
-102700,-36.97
-102650,-37.12
-102600,-37.11
-102550,-37.22
-102500,-37.24
-102450,-37.12
-102400,-37.06
-102350,-37.34
-102300,-37.54
-102250,-37.38
-102200,-37.49
-102150,-37.62
-102100,-37.55
-102050,-37.53
-102000,-37.49
-101950,-37.49
-101900,-37.71
-101850,-37.82
-101800,-37.49
-101750,-37.05
-101700,-37.48
-101650,-37.37
-101600,-37.45
-101550,-37.75
-101500,-37.56
-101450,-37.73
-101400,-37.59
-101350,-38.06
-101300,-37.93
-101250,-37.63
-101200,-38.13
-101150,-37.84
-101100,-37.63
-101050,-37.88
-101000,-38.04
-100950,-37.92
-100900,-37.99
-100850,-37.75
-100800,-37.71
-100750,-37.87
-100700,-37.98
-100650,-37.83
-100600,-37.52
-100550,-37.54
-100500,-37.46
-100450,-37.58
-100400,-37.57
-100350,-37.84
-100300,-37.68
-100250,-37.57
-100200,-37.91
-100150,-37.77
-100100,-37.73
-100050,-38.14
-1e+05,-38.14
-99950,-38.07
-99900,-37.72
-99850,-37.84
-99800,-38.21
-99750,-38.31
-99700,-38.36
-99650,-38.19
-99600,-38.05
-99550,-38.49
-99500,-38.62
-99450,-37.86
-99400,-38.29
-99350,-37.9
-99300,-37.38
-99250,-37.68
-99200,-37.92
-99150,-38.07
-99100,-38.21
-99050,-38.12
-99000,-38.02
-98950,-38.36
-98900,-38.27
-98850,-38.55
-98800,-38.56
-98750,-38.82
-98700,-38.44
-98650,-38.47
-98600,-38.52
-98550,-38.38
-98500,-38.53
-98450,-38.63
-98400,-38.44
-98350,-38.51
-98300,-38.62
-98250,-38.61
-98200,-38.51
-98150,-38.27
-98100,-38.75
-98050,-39.15
-98000,-37.93
-97950,-37.97
-97900,-38.03
-97850,-38.38
-97800,-38.36
-97750,-38.35
-97700,-38.54
-97650,-38.43
-97600,-38.64
-97550,-38.7
-97500,-38.8
-97450,-38.93
-97400,-38.9
-97350,-38.81
-97300,-38.54
-97250,-38.13
-97200,-39.17
-97150,-39.36
-97100,-39.04
-97050,-38.89
-97000,-38.36
-96950,-38.28
-96900,-38.34
-96850,-38.21
-96800,-38.49
-96750,-38.45
-96700,-38.8
-96650,-39.01
-96600,-38.6
-96550,-38.5
-96500,-38.83
-96450,-38.99
-96400,-38.84
-96350,-38.68
-96300,-38.87
-96250,-38.66
-96200,-38.79
-96150,-38.77
-96100,-38.77
-96050,-39.24
-96000,-39.3
-95950,-39.2
-95900,-38.73
-95850,-38.8
-95800,-39.23
-95750,-39.38
-95700,-39.19
-95650,-38.88
-95600,-38.76
-95550,-39.27
-95500,-39.49
-95450,-39.13
-95400,-39.44
-95350,-39.38
-95300,-39.2
-95250,-39.39
-95200,-39.68
-95150,-39.88
-95100,-39.96
-95050,-39.62
-95000,-39.51
-94950,-39.6
-94900,-39.63
-94850,-39.73
-94800,-39.47
-94750,-38.97
-94700,-39.11
-94650,-39.29
-94600,-39.58
-94550,-39.39
-94500,-39.05
-94450,-39.41
-94400,-39.69
-94350,-39.73
-94300,-39.78
-94250,-39.9
-94200,-39.81
-94150,-39.18
-94100,-39.85
-94050,-39.55
-94000,-39.69
-93950,-39.85
-93900,-39.72
-93850,-39.43
-93800,-39.35
-93750,-40.29
-93700,-39.92
-93650,-39.93
-93600,-39.96
-93550,-39.98
-93500,-40.05
-93450,-40.45
-93400,-39.88
-93350,-39.67
-93300,-39.57
-93250,-39.74
-93200,-39.97
-93150,-39.75
-93100,-39.69
-93050,-39.26
-93000,-39.79
-92950,-39.33
-92900,-39.76
-92850,-40.18
-92800,-40.04
-92750,-39.64
-92700,-39.77
-92650,-39.62
-92600,-39.91
-92550,-39.8
-92500,-39.64
-92450,-39.26
-92400,-39.14
-92350,-39.56
-92300,-39.97
-92250,-40.21
-92200,-39.86
-92150,-39.89
-92100,-39.87
-92050,-39.86
-92000,-39.68
-91950,-39.6
-91900,-39.79
-91850,-39.11
-91800,-39.6
-91750,-39.5
-91700,-39.51
-91650,-39.4
-91600,-39.27
-91550,-39.57
-91500,-39.78
-91450,-39.75
-91400,-39.58
-91350,-39.5
-91300,-39.61
-91250,-39.6
-91200,-39.38
-91150,-39.46
-91100,-39.64
-91050,-39.94
-91000,-39.86
-90950,-39.99
-90900,-39.88
-90850,-39.87
-90800,-40.24
-90750,-39.92
-90700,-38.45
-90650,-37.97
-90600,-38.19
-90550,-38.49
-90500,-39.13
-90450,-38.14
-90400,-38.02
-90350,-37.68
-90300,-37.75
-90250,-38
-90200,-37.86
-90150,-38.18
-90100,-37.96
-90050,-37.9
-90000,-38.47
-89950,-38.62
-89900,-38.18
-89850,-38.48
-89800,-38.47
-89750,-38.35
-89700,-38.3
-89650,-38.87
-89600,-39.29
-89550,-39.67
-89500,-39.43
-89450,-39.01
-89400,-38.89
-89350,-38.55
-89300,-38.53
-89250,-38.83
-89200,-38.94
-89150,-39.22
-89100,-38.81
-89050,-38.61
-89000,-38.97
-88950,-39.21
-88900,-39.79
-88850,-39.14
-88800,-38.92
-88750,-39.32
-88700,-39.69
-88650,-40
-88600,-40.5
-88550,-40.59
-88500,-40
-88450,-39.1
-88400,-39.87
-88350,-40.47
-88300,-41.19
-88250,-41.59
-88200,-41.84
-88150,-41.74
-88100,-41.54
-88050,-41.79
-88000,-41.6
-87950,-41.51
-87900,-41.84
-87850,-42.04
-87800,-41.97
-87750,-41.96
-87700,-41.35
-87650,-41.26
-87600,-41.16
-87550,-41.28
-87500,-41.31
-87450,-41.39
-87400,-42.09
-87350,-41.7
-87300,-41.47
-87250,-41.24
-87200,-40.93
-87150,-40.91
-87100,-41.27
-87050,-41.57
-87000,-41.5
-86950,-41.32
-86900,-41.35
-86850,-41.02
-86800,-40.04
-86750,-40.77
-86700,-40.73
-86650,-40.68
-86600,-41.6
-86550,-41.56
-86500,-40.93
-86450,-41.52
-86400,-41.4
-86350,-41.36
-86300,-41.6
-86250,-41.08
-86200,-41.13
-86150,-41.29
-86100,-40.69
-86050,-40.31
-86000,-40.46
-85950,-40.89
-85900,-41.2
-85850,-40.09
-85800,-39.98
-85750,-40.33
-85700,-38.7
-85650,-39.29
-85600,-40.68
-85550,-41.03
-85500,-41.13
-85450,-39.15
-85400,-37.19
-85350,-36.81
-85300,-36.62
-85250,-37.06
-85200,-37.2
-85150,-37.07
-85100,-37.49
-85050,-38.32
-85000,-37.94
-84950,-37.98
-84900,-37.55
-84850,-37.95
-84800,-37.41
-84750,-37.34
-84700,-37.19
-84650,-37.52
-84600,-37.8
-84550,-38.15
-84500,-37.84
-84450,-37.54
-84400,-37.55
-84350,-36.82
-84300,-37.24
-84250,-36.94
-84200,-37.35
-84150,-37.84
-84100,-37.94
-84050,-37.82
-84000,-38.02
-83950,-37.76
-83900,-37.78
-83850,-37.57
-83800,-37.06
-83750,-37.02
-83700,-37.28
-83650,-38.19
-83600,-38.02
-83550,-38.19
-83500,-38.47
-83450,-37.98
-83400,-37.57
-83350,-37.84
-83300,-37.99
-83250,-37.92
-83200,-37.92
-83150,-37.96
-83100,-38.22
-83050,-37.85
-83000,-38.45
-82950,-38.62
-82900,-37.96
-82850,-37.82
-82800,-37.72
-82750,-38.24
-82700,-38.06
-82650,-38.23
-82600,-38.05
-82550,-37.88
-82500,-37.26
-82450,-37.68
-82400,-37.84
-82350,-37.78
-82300,-37.79
-82250,-37.99
-82200,-38.43
-82150,-38.14
-82100,-38.26
-82050,-38.31
-82000,-38.38
-81950,-38.07
-81900,-38.37
-81850,-38.44
-81800,-38.35
-81750,-38.65
-81700,-38.48
-81650,-38.85
-81600,-38.79
-81550,-38.36
-81500,-38.61
-81450,-38.74
-81400,-39.18
-81350,-39.44
-81300,-39.22
-81250,-38.98
-81200,-38.65
-81150,-39.16
-81100,-39.52
-81050,-39.33
-81000,-39.51
-80950,-39.61
-80900,-39
-80850,-39.25
-80800,-39.37
-80750,-39.54
-80700,-39.58
-80650,-39.8
-80600,-39.45
-80550,-39.3
-80500,-39.91
-80450,-40.02
-80400,-40.33
-80350,-39.98
-80300,-39.9
-80250,-40.28
-80200,-40.31
-80150,-40.08
-80100,-40.34
-80050,-40.56
-80000,-40.7
-79950,-40.76
-79900,-38.69
-79850,-38.72
-79800,-39.17
-79750,-39.45
-79700,-38.91
-79650,-39.03
-79600,-39.32
-79550,-38.9
-79500,-39.37
-79450,-39.28
-79400,-40.2
-79350,-40.64
-79300,-39.96
-79250,-40.4
-79200,-40.49
-79150,-39.91
-79100,-40.3
-79050,-40.85
-79000,-41.01
-78950,-40.92
-78900,-41.23
-78850,-41.03
-78800,-40.49
-78750,-39.86
-78700,-39.28
-78650,-39.05
-78600,-39.29
-78550,-39.62
-78500,-41.06
-78450,-41.62
-78400,-42.07
-78350,-42.48
-78300,-42.64
-78250,-42.39
-78200,-42.74
-78150,-43.15
-78100,-43.59
-78050,-43.63
-78000,-42.8
-77950,-42.37
-77900,-42.87
-77850,-42.92
-77800,-42.68
-77750,-42.42
-77700,-42.55
-77650,-43.1
-77600,-42.95
-77550,-42.45
-77500,-43.41
-77450,-42.8
-77400,-42.46
-77350,-42.43
-77300,-42.4
-77250,-42.95
-77200,-42.68
-77150,-41.42
-77100,-38.69
-77050,-36.81
-77000,-37.28
-76950,-37.59
-76900,-37.28
-76850,-37.81
-76800,-37.84
-76750,-37.93
-76700,-38.25
-76650,-38.38
-76600,-38.18
-76550,-38.12
-76500,-38.58
-76450,-38.9
-76400,-38.79
-76350,-38.65
-76300,-38.37
-76250,-38.81
-76200,-38.8
-76150,-39.14
-76100,-39.32
-76050,-39.24
-76000,-39.51
-75950,-39.23
-75900,-39.05
-75850,-39.45
-75800,-39.27
-75750,-39.64
-75700,-39.24
-75650,-39.44
-75600,-39.6
-75550,-39.54
-75500,-39.19
-75450,-39.5
-75400,-39.86
-75350,-40
-75300,-39.97
-75250,-40.34
-75200,-40.86
-75150,-40.44
-75100,-41.35
-75050,-40.97
-75000,-40.06
-74950,-39.88
-74900,-40.97
-74850,-42.22
-74800,-42.78
-74750,-42.98
-74700,-44.51
-74650,-44.69
-74600,-44.06
-74550,-44.21
-74500,-44.34
-74450,-45.15
-74400,-44.88
-74350,-44.54
-74300,-44.44
-74250,-44.41
-74200,-44.88
-74150,-44.99
-74100,-45.39
-74050,-45.13
-74000,-44.65
-73950,-44.79
-73900,-44.9
-73850,-44.57
-73800,-44.43
-73750,-45.15
-73700,-45.05
-73650,-44.36
-73600,-44.66
-73550,-45.18
-73500,-44.92
-73450,-44.69
-73400,-44.96
-73350,-45.07
-73300,-44.84
-73250,-44.66
-73200,-43.95
-73150,-44.22
-73100,-44.39
-73050,-43.63
-73000,-40.85
-72950,-37.96
-72900,-37.71
-72850,-38.15
-72800,-37.67
-72750,-37.92
-72700,-38.39
-72650,-38.31
-72600,-38.47
-72550,-38.61
-72500,-38.73
-72450,-39
-72400,-39.08
-72350,-39.23
-72300,-39.66
-72250,-39.61
-72200,-39.53
-72150,-39.5
-72100,-39.91
-72050,-40.1
-72000,-39.69
-71950,-39.58
-71900,-39.81
-71850,-40.37
-71800,-40.87
-71750,-40.34
-71700,-40.13
-71650,-40.51
-71600,-40.51
-71550,-40.74
-71500,-41.6
-71450,-42.27
-71400,-42.17
-71350,-42.06
-71300,-42.07
-71250,-42.16
-71200,-42.22
-71150,-41.93
-71100,-42.45
-71050,-42.86
-71000,-43.48
-70950,-43.52
-70900,-43.5
-70850,-43.05
-70800,-43.28
-70750,-43.67
-70700,-43.76
-70650,-43.82
-70600,-44.13
-70550,-44.23
-70500,-44.32
-70450,-44.34
-70400,-44.7
-70350,-44.18
-70300,-42.18
-70250,-39.55
-70200,-39.73
-70150,-40.56
-70100,-42.07
-70050,-43.09
-70000,-43.54
-69950,-43.8
-69900,-44.68
-69850,-44.39
-69800,-43.88
-69750,-43.73
-69700,-43.35
-69650,-42.78
-69600,-44.03
-69550,-43.6
-69500,-43.3
-69450,-44.19
-69400,-43.93
-69350,-43.76
-69300,-43.8
-69250,-43.92
-69200,-44.03
-69150,-44.69
-69100,-44.4
-69050,-43.84
-69000,-43.76
-68950,-43.66
-68900,-43.42
-68850,-44.25
-68800,-44.47
-68750,-43.96
-68700,-44.05
-68650,-44.1
-68600,-43.83
-68550,-44.16
-68500,-44.62
-68450,-43.87
-68400,-43.87
-68350,-44.81
-68300,-44.37
-68250,-43.99
-68200,-43.45
-68150,-43.22
-68100,-42.79
-68050,-42.32
-68000,-42.37
-67950,-43.41
-67900,-44.22
-67850,-44.73
-67800,-43.33
-67750,-43.76
-67700,-44.18
-67650,-44.08
-67600,-43.62
-67550,-43.2
-67500,-44.12
-67450,-43.73
-67400,-43.39
-67350,-42.91
-67300,-44.21
-67250,-44.64
-67200,-43.71
-67150,-44.3
-67100,-44.65
-67050,-43.76
-67000,-43.99
-66950,-44.23
-66900,-43.04
-66850,-43.35
-66800,-43.67
-66750,-44.22
-66700,-44.19
-66650,-44.17
-66600,-44.33
-66550,-44.48
-66500,-45.04
-66450,-44.76
-66400,-44.48
-66350,-44.01
-66300,-43.95
-66250,-44.24
-66200,-44.44
-66150,-44.64
-66100,-44.16
-66050,-44.26
-66000,-44.81
-65950,-43.61
-65900,-43.12
-65850,-42.91
-65800,-43.54
-65750,-43.85
-65700,-43.84
-65650,-43.04
-65600,-43.61
-65550,-43.94
-65500,-44.22
-65450,-43.55
-65400,-43.84
-65350,-44.52
-65300,-44.44
-65250,-44.49
-65200,-45.29
-65150,-44.85
-65100,-44.17
-65050,-44.25
-65000,-43.79
-64950,-42.71
-64900,-44.26
-64850,-42.97
-64800,-42.24
-64750,-40.21
-64700,-39.74
-64650,-40.07
-64600,-39.97
-64550,-41.33
-64500,-43.34
-64450,-44.26
-64400,-43.95
-64350,-43.39
-64300,-43.05
-64250,-43.26
-64200,-43.99
-64150,-43.35
-64100,-43.1
-64050,-43.2
-64000,-43.41
-63950,-43.79
-63900,-44.49
-63850,-44.37
-63800,-44.7
-63750,-44.81
-63700,-43.9
-63650,-44
-63600,-44.4
-63550,-45.04
-63500,-43.77
-63450,-44.63
-63400,-45.16
-63350,-44.15
-63300,-44.43
-63250,-44.58
-63200,-44.74
-63150,-45.02
-63100,-44.52
-63050,-43.86
-63000,-44.01
-62950,-44.6
-62900,-44.18
-62850,-43.54
-62800,-44.49
-62750,-44.7
-62700,-44.21
-62650,-43.63
-62600,-43.15
-62550,-44.75
-62500,-44.38
-62450,-43.34
-62400,-43.09
-62350,-43.63
-62300,-44.57
-62250,-45.1
-62200,-43.67
-62150,-43.23
-62100,-43.1
-62050,-43.18
-62000,-43.7
-61950,-43.81
-61900,-43.28
-61850,-44.19
-61800,-43.21
-61750,-44.15
-61700,-43.97
-61650,-43.39
-61600,-43.65
-61550,-43.69
-61500,-43.74
-61450,-43.53
-61400,-43.1
-61350,-43.13
-61300,-42.99
-61250,-43.05
-61200,-43.12
-61150,-43.24
-61100,-43.19
-61050,-43.25
-61000,-42.89
-60950,-42.84
-60900,-43.24
-60850,-43.3
-60800,-43.45
-60750,-43.33
-60700,-43.16
-60650,-43.07
-60600,-42.69
-60550,-43.37
-60500,-43.58
-60450,-42.57
-60400,-42.43
-60350,-43.27
-60300,-43.45
-60250,-43.39
-60200,-42.72
-60150,-40.31
-60100,-37.93
-60050,-38.53
-60000,-42.25
-59950,-42.94
-59900,-42.88
-59850,-42.3
-59800,-39.12
-59750,-38.25
-59700,-38.36
-59650,-38.95
-59600,-40.3
-59550,-40.99
-59500,-39.52
-59450,-39.19
-59400,-39.35
-59350,-40.97
-59300,-41.99
-59250,-42.46
-59200,-42.19
-59150,-42.66
-59100,-42.52
-59050,-42.05
-59000,-39.6
-58950,-38.19
-58900,-41.09
-58850,-41.97
-58800,-41.2
-58750,-38.41
-58700,-39.87
-58650,-39.42
-58600,-38.83
-58550,-38.64
-58500,-39.17
-58450,-39.68
-58400,-39.6
-58350,-38.99
-58300,-39.44
-58250,-39.83
-58200,-39.74
-58150,-39.67
-58100,-40.02
-58050,-40.68
-58000,-40.35
-57950,-40.37
-57900,-40.5
-57850,-41.42
-57800,-41.02
-57750,-40.51
-57700,-40.61
-57650,-40.92
-57600,-40.68
-57550,-40.27
-57500,-40.07
-57450,-40.11
-57400,-40.63
-57350,-41.17
-57300,-41.23
-57250,-41.25
-57200,-42.36
-57150,-42.01
-57100,-42.46
-57050,-42.42
-57000,-42.24
-56950,-42.47
-56900,-42.16
-56850,-42.63
-56800,-43.09
-56750,-42.84
-56700,-42.96
-56650,-43.22
-56600,-42.08
-56550,-39.83
-56500,-38.9
-56450,-39.35
-56400,-39.61
-56350,-39.32
-56300,-39.61
-56250,-39.24
-56200,-41.42
-56150,-42
-56100,-42.99
-56050,-42.9
-56000,-42.49
-55950,-42.76
-55900,-42.87
-55850,-42.14
-55800,-38.84
-55750,-38.93
-55700,-42.2
-55650,-41.63
-55600,-42.2
-55550,-42.29
-55500,-42.74
-55450,-42.46
-55400,-42.7
-55350,-43.53
-55300,-42.88
-55250,-42.8
-55200,-42.52
-55150,-42.87
-55100,-42.52
-55050,-40.65
-55000,-39.14
-54950,-38.81
-54900,-38.79
-54850,-38.87
-54800,-40.86
-54750,-39.91
-54700,-37.92
-54650,-38.03
-54600,-38.55
-54550,-39.1
-54500,-39.37
-54450,-39.24
-54400,-38.44
-54350,-38.74
-54300,-39.03
-54250,-38.86
-54200,-38.88
-54150,-39.35
-54100,-38.51
-54050,-39.5
-54000,-38.83
-53950,-38.73
-53900,-39.38
-53850,-39.47
-53800,-39.49
-53750,-38.9
-53700,-39.31
-53650,-39.21
-53600,-39.56
-53550,-39.27
-53500,-39.24
-53450,-39.59
-53400,-39.55
-53350,-39.66
-53300,-39.87
-53250,-38.96
-53200,-39.48
-53150,-38.77
-53100,-39.42
-53050,-39.99
-53000,-39.24
-52950,-39.74
-52900,-38.83
-52850,-38.84
-52800,-39.31
-52750,-39.44
-52700,-39.91
-52650,-39.42
-52600,-39.04
-52550,-39.87
-52500,-39.96
-52450,-39.79
-52400,-39.27
-52350,-39.11
-52300,-40.26
-52250,-41.39
-52200,-41.04
-52150,-41.01
-52100,-40.67
-52050,-39.8
-52000,-40.44
-51950,-39.81
-51900,-41.07
-51850,-40.85
-51800,-40.43
-51750,-40.69
-51700,-40.71
-51650,-40.08
-51600,-40.45
-51550,-40.6
-51500,-40.53
-51450,-40.15
-51400,-40.72
-51350,-40.72
-51300,-40.11
-51250,-40.34
-51200,-40.22
-51150,-40.63
-51100,-40.57
-51050,-39.81
-51000,-40.78
-50950,-40.43
-50900,-40.71
-50850,-40.9
-50800,-40.86
-50750,-40.51
-50700,-40.59
-50650,-40.86
-50600,-40.29
-50550,-40.19
-50500,-40.72
-50450,-41.1
-50400,-40.74
-50350,-40.42
-50300,-40.49
-50250,-40.53
-50200,-40.52
-50150,-40.3
-50100,-41.47
-50050,-41.19
-50000,-41.51
-49950,-42.11
-49900,-42.38
-49850,-41.85
-49800,-41.41
-49750,-39.51
-49700,-39.48
-49650,-39.81
-49600,-42.11
-49550,-40.9
-49500,-39.62
-49450,-39.73
-49400,-39.84
-49350,-40.23
-49300,-41.16
-49250,-40.92
-49200,-41.22
-49150,-41.3
-49100,-41.17
-49050,-40.95
-49000,-41.59
-48950,-42.13
-48900,-42.44
-48850,-42.8
-48800,-43.49
-48750,-43.48
-48700,-43.9
-48650,-44.06
-48600,-43.13
-48550,-42.98
-48500,-42.92
-48450,-43.18
-48400,-42.31
-48350,-42.91
-48300,-43.48
-48250,-43.83
-48200,-43.16
-48150,-42.02
-48100,-41.98
-48050,-42.8
-48000,-43.61
-47950,-43.63
-47900,-42.87
-47850,-42
-47800,-42.48
-47750,-43.16
-47700,-42.7
-47650,-43.07
-47600,-42.15
-47550,-42.58
-47500,-42.87
-47450,-42.78
-47400,-42.32
-47350,-40.26
-47300,-37.35
-47250,-38.19
-47200,-37.71
-47150,-38.09
-47100,-38.03
-47050,-39.17
-47000,-38.49
-46950,-38.02
-46900,-38.98
-46850,-39.13
-46800,-39.11
-46750,-38.93
-46700,-38.66
-46650,-38.98
-46600,-39.05
-46550,-39.01
-46500,-38.41
-46450,-39.37
-46400,-39.8
-46350,-39.24
-46300,-39.59
-46250,-39.37
-46200,-39.45
-46150,-39.57
-46100,-39.51
-46050,-39.47
-46000,-40.2
-45950,-40.16
-45900,-39.46
-45850,-40.26
-45800,-40.82
-45750,-41.08
-45700,-40.94
-45650,-40.23
-45600,-40.75
-45550,-40.6
-45500,-40.98
-45450,-40.73
-45400,-40.7
-45350,-41.18
-45300,-42.03
-45250,-41.07
-45200,-41.27
-45150,-40.72
-45100,-40.91
-45050,-41.82
-45000,-41.86
-44950,-40.89
-44900,-40.24
-44850,-39.89
-44800,-40.57
-44750,-41.73
-44700,-42.45
-44650,-43.34
-44600,-42.1
-44550,-43.18
-44500,-43.42
-44450,-42.97
-44400,-42.21
-44350,-42.29
-44300,-43.57
-44250,-42.59
-44200,-42.03
-44150,-42.48
-44100,-42.31
-44050,-42.11
-44000,-43.15
-43950,-43.88
-43900,-43.9
-43850,-43.14
-43800,-43.09
-43750,-42.6
-43700,-41.86
-43650,-39.97
-43600,-39.3
-43550,-39.57
-43500,-40.01
-43450,-39.46
-43400,-38.76
-43350,-38.48
-43300,-38.98
-43250,-39.46
-43200,-39.4
-43150,-39.68
-43100,-39.7
-43050,-39.93
-43000,-40.05
-42950,-40.63
-42900,-41.12
-42850,-41.17
-42800,-41.62
-42750,-41.11
-42700,-40.92
-42650,-40.97
-42600,-40.87
-42550,-42.2
-42500,-42.46
-42450,-41.73
-42400,-42.67
-42350,-42.77
-42300,-43.17
-42250,-42.49
-42200,-43.48
-42150,-42.48
-42100,-42.82
-42050,-43.29
-42000,-42.44
-41950,-42.6
-41900,-42.19
-41850,-43.01
-41800,-42.37
-41750,-42.07
-41700,-39.05
-41650,-38.92
-41600,-39.57
-41550,-39.33
-41500,-40.07
-41450,-39.43
-41400,-40.43
-41350,-39.76
-41300,-40.01
-41250,-40.8
-41200,-41.67
-41150,-41.95
-41100,-42
-41050,-42.3
-41000,-43.77
-40950,-43.67
-40900,-43.01
-40850,-43.32
-40800,-43.34
-40750,-42.9
-40700,-42.08
-40650,-42.29
-40600,-42.2
-40550,-42.42
-40500,-42.21
-40450,-42.44
-40400,-42.2
-40350,-42.77
-40300,-40.18
-40250,-40.34
-40200,-40.75
-40150,-41.09
-40100,-42.23
-40050,-43.33
-40000,-43.23
-39950,-43.24
-39900,-42.96
-39850,-42.68
-39800,-43.88
-39750,-42.01
-39700,-43.67
-39650,-43.49
-39600,-42.66
-39550,-43.57
-39500,-43.03
-39450,-43.35
-39400,-43.62
-39350,-43.27
-39300,-43.05
-39250,-44.16
-39200,-43.54
-39150,-43.91
-39100,-42.11
-39050,-42.5
-39000,-42.63
-38950,-43.09
-38900,-43.19
-38850,-43.21
-38800,-43.71
-38750,-42.77
-38700,-42.71
-38650,-42.81
-38600,-42.76
-38550,-42.15
-38500,-42.26
-38450,-42.78
-38400,-42.3
-38350,-41.76
-38300,-38.99
-38250,-38.13
-38200,-38.2
-38150,-38.97
-38100,-38.5
-38050,-38.64
-38000,-39.05
-37950,-39.41
-37900,-39.03
-37850,-39.12
-37800,-39.04
-37750,-38.71
-37700,-38.9
-37650,-39.15
-37600,-38.74
-37550,-39.28
-37500,-38.77
-37450,-40.21
-37400,-40.29
-37350,-39.28
-37300,-39.93
-37250,-39.59
-37200,-40.02
-37150,-40.21
-37100,-40.96
-37050,-41.33
-37000,-41.01
-36950,-41.52
-36900,-41.31
-36850,-41.54
-36800,-40.4
-36750,-41.26
-36700,-41.09
-36650,-41.05
-36600,-40.82
-36550,-42.21
-36500,-43.23
-36450,-41.75
-36400,-42.12
-36350,-43.06
-36300,-42
-36250,-42.88
-36200,-43.32
-36150,-42.75
-36100,-42.43
-36050,-42.81
-36000,-42.93
-35950,-43.32
-35900,-43.13
-35850,-42.59
-35800,-44.52
-35750,-44.52
-35700,-43.43
-35650,-42.58
-35600,-41.95
-35550,-42.6
-35500,-42.83
-35450,-42.74
-35400,-42.62
-35350,-39.86
-35300,-38.63
-35250,-38.78
-35200,-39.24
-35150,-39.51
-35100,-39.36
-35050,-39.8
-35000,-39.67
-34950,-40.17
-34900,-39.35
-34850,-40.3
-34800,-40.99
-34750,-41.17
-34700,-40.77
-34650,-40.4
-34600,-40.5
-34550,-40.05
-34500,-42.2
-34450,-41.93
-34400,-42.98
-34350,-43.38
-34300,-42.97
-34250,-42.61
-34200,-42.81
-34150,-43.09
-34100,-43.38
-34050,-42.59
-34000,-42.85
-33950,-42.72
-33900,-42.92
-33850,-42.49
-33800,-43.32
-33750,-43.26
-33700,-42.73
-33650,-42.7
-33600,-41.91
-33550,-41.04
-33500,-39.03
-33450,-39.78
-33400,-39.82
-33350,-39.66
-33300,-39.92
-33250,-40.38
-33200,-41.1
-33150,-43.14
-33100,-44.19
-33050,-43.56
-33000,-43.21
-32950,-43.26
-32900,-43.81
-32850,-43.68
-32800,-43.48
-32750,-42.97
-32700,-43.84
-32650,-45.14
-32600,-44.69
-32550,-44.17
-32500,-43.77
-32450,-44.26
-32400,-44.18
-32350,-43.81
-32300,-43.91
-32250,-42.28
-32200,-38.92
-32150,-39.88
-32100,-39.94
-32050,-40.4
-32000,-40.43
-31950,-40.3
-31900,-40.61
-31850,-41.7
-31800,-41.55
-31750,-43.57
-31700,-43.4
-31650,-43.96
-31600,-43.65
-31550,-44.07
-31500,-43.39
-31450,-43.68
-31400,-43.09
-31350,-43.95
-31300,-44.02
-31250,-43.69
-31200,-44.4
-31150,-43.08
-31100,-43.46
-31050,-44.21
-31000,-43.74
-30950,-43.22
-30900,-44.13
-30850,-44.29
-30800,-43.28
-30750,-43.58
-30700,-43.89
-30650,-43.66
-30600,-44.21
-30550,-44.24
-30500,-43.65
-30450,-43.12
-30400,-43.85
-30350,-43
-30300,-42.37
-30250,-42.23
-30200,-43.83
-30150,-43.35
-30100,-43.76
-30050,-44.88
-30000,-44.04
-29950,-43.74
-29900,-45.09
-29850,-44.37
-29800,-44.22
-29750,-45.11
-29700,-44.47
-29650,-44.83
-29600,-43.98
-29550,-44.06
-29500,-44.51
-29450,-44.31
-29400,-44.15
-29350,-44.39
-29300,-45.22
-29250,-44.57
-29200,-45.82
-29150,-44.35
-29100,-45.07
-29050,-44.14
-29000,-43.51
-28950,-43.65
-28900,-44.32
-28850,-44.13
-28800,-43.71
-28750,-44.54
-28700,-44.08
-28650,-44.37
-28600,-43.6
-28550,-42.5
-28500,-40.23
-28450,-39.02
-28400,-40.36
-28350,-40.45
-28300,-40.33
-28250,-40.58
-28200,-43.23
-28150,-43.2
-28100,-44.28
-28050,-43.78
-28000,-43.59
-27950,-44.7
-27900,-43.75
-27850,-44.48
-27800,-44.15
-27750,-44.05
-27700,-44.58
-27650,-44.2
-27600,-44.84
-27550,-43.85
-27500,-43.82
-27450,-43.72
-27400,-43.2
-27350,-38.37
-27300,-39.4
-27250,-39.62
-27200,-40.72
-27150,-41.42
-27100,-43.03
-27050,-43.61
-27000,-44.58
-26950,-44.4
-26900,-44.06
-26850,-43.08
-26800,-43.35
-26750,-43.45
-26700,-42.63
-26650,-42.36
-26600,-43.97
-26550,-43.97
-26500,-42.54
-26450,-43.47
-26400,-43.91
-26350,-43.23
-26300,-44.07
-26250,-44.16
-26200,-43.36
-26150,-43.17
-26100,-43.54
-26050,-44.4
-26000,-45.62
-25950,-43.79
-25900,-42.94
-25850,-42.44
-25800,-42.67
-25750,-42.79
-25700,-43.18
-25650,-42.76
-25600,-42.27
-25550,-43.24
-25500,-42.46
-25450,-44.76
-25400,-43.45
-25350,-43.45
-25300,-44.37
-25250,-44.76
-25200,-43.73
-25150,-44.18
-25100,-44.76
-25050,-44.56
-25000,-43.44
-24950,-43.39
-24900,-42.36
-24850,-44.86
-24800,-44.13
-24750,-42.93
-24700,-43.45
-24650,-44
-24600,-42.79
-24550,-43.39
-24500,-44.21
-24450,-43.43
-24400,-42.74
-24350,-42.67
-24300,-44.49
-24250,-43.89
-24200,-44.06
-24150,-43.84
-24100,-43.04
-24050,-44.23
-24000,-43.6
-23950,-42.7
-23900,-43.2
-23850,-43.5
-23800,-43.41
-23750,-43.54
-23700,-42.62
-23650,-43.8
-23600,-44.32
-23550,-43.82
-23500,-43.55
-23450,-43.74
-23400,-43.14
-23350,-42.65
-23300,-43.57
-23250,-43.53
-23200,-44.19
-23150,-43.72
-23100,-43.12
-23050,-44.07
-23000,-43.67
-22950,-43.77
-22900,-43.61
-22850,-43.68
-22800,-42
-22750,-43.46
-22700,-41.92
-22650,-39.76
-22600,-41.07
-22550,-41.76
-22500,-42.47
-22450,-42.76
-22400,-42.11
-22350,-42.27
-22300,-41.18
-22250,-41.87
-22200,-42.49
-22150,-41.2
-22100,-41.22
-22050,-43.48
-22000,-42.38
-21950,-42.24
-21900,-43.01
-21850,-42.31
-21800,-42.4
-21750,-42.9
-21700,-42.34
-21650,-42.14
-21600,-41.56
-21550,-41.59
-21500,-42.03
-21450,-41.87
-21400,-42.83
-21350,-41.85
-21300,-42.36
-21250,-43.28
-21200,-42.91
-21150,-43.75
-21100,-42.95
-21050,-42.65
-21000,-41.71
-20950,-42.14
-20900,-43.05
-20850,-42.07
-20800,-42.77
-20750,-42.41
-20700,-42.14
-20650,-43.29
-20600,-42.96
-20550,-42.06
-20500,-43.15
-20450,-42.61
-20400,-44.28
-20350,-42.75
-20300,-42.49
-20250,-42.7
-20200,-42.11
-20150,-42.28
-20100,-41.79
-20050,-41.01
-20000,-42.03
-19950,-43.87
-19900,-42.76
-19850,-42.38
-19800,-43.34
-19750,-43.2
-19700,-42.9
-19650,-42.01
-19600,-42.29
-19550,-41.73
-19500,-42.22
-19450,-42.18
-19400,-42.57
-19350,-41.77
-19300,-42.6
-19250,-40.98
-19200,-40.88
-19150,-42.82
-19100,-41.36
-19050,-41.05
-19000,-41.13
-18950,-41.52
-18900,-41.97
-18850,-41.26
-18800,-42.82
-18750,-42.18
-18700,-41.37
-18650,-42.31
-18600,-42.48
-18550,-42.34
-18500,-41.71
-18450,-42.19
-18400,-41.32
-18350,-41.89
-18300,-41.04
-18250,-41.28
-18200,-42.09
-18150,-41.45
-18100,-40.93
-18050,-41.66
-18000,-40.73
-17950,-41.69
-17900,-42.25
-17850,-42.35
-17800,-42.63
-17750,-42.47
-17700,-42.07
-17650,-41.35
-17600,-41.83
-17550,-42.53
-17500,-41.8
-17450,-42.6
-17400,-42.16
-17350,-41.88
-17300,-41.15
-17250,-40.66
-17200,-41.44
-17150,-40.18
-17100,-40.27
-17050,-41.14
-17000,-42.02
-16950,-41.02
-16900,-40.76
-16850,-40.99
-16800,-40.45
-16750,-40.42
-16700,-40.42
-16650,-41.28
-16600,-41.9
-16550,-40.31
-16500,-40.44
-16450,-41.17
-16400,-41.36
-16350,-41.82
-16300,-41
-16250,-40.8
-16200,-41.68
-16150,-41.61
-16100,-42.01
-16050,-41.45
-16000,-42.41
-15950,-42.18
-15900,-43.56
-15850,-41.53
-15800,-41.88
-15750,-41.69
-15700,-41.92
-15650,-41.41
-15600,-43.29
-15550,-43.63
-15500,-41.94
-15450,-42.76
-15400,-43.48
-15350,-42.55
-15300,-42
-15250,-42.38
-15200,-40.78
-15150,-42.55
-15100,-42.23
-15050,-42.01
-15000,-42.06
-14950,-42.03
-14900,-42.31
-14850,-41.56
-14800,-41.13
-14750,-41.6
-14700,-40.58
-14650,-41.75
-14600,-40.06
-14550,-37.47
-14500,-36.4
-14450,-36.25
-14400,-36.26
-14350,-37.29
-14300,-36.95
-14250,-37.17
-14200,-37.21
-14150,-37.59
-14100,-37.89
-14050,-38.14
-14000,-38.25
-13950,-39.71
-13900,-40.11
-13850,-39.46
-13800,-38.39
-13750,-38.08
-13700,-38.38
-13650,-39.08
-13600,-38.25
-13550,-38.74
-13500,-39.77
-13450,-39.25
-13400,-38.52
-13350,-38.01
-13300,-38.61
-13250,-38.44
-13200,-38.57
-13150,-39.19
-13100,-39.07
-13050,-40.2
-13000,-40.05
-12950,-41.07
-12900,-40.07
-12850,-39.88
-12800,-39.38
-12750,-38.76
-12700,-39.03
-12650,-39.53
-12600,-40.18
-12550,-40.86
-12500,-42.21
-12450,-41.11
-12400,-41.67
-12350,-40.82
-12300,-40.54
-12250,-41.06
-12200,-40.97
-12150,-41.37
-12100,-40.76
-12050,-40.39
-12000,-40.63
-11950,-41.38
-11900,-41.22
-11850,-39.95
-11800,-40.41
-11750,-41.04
-11700,-40.84
-11650,-39.71
-11600,-40.22
-11550,-40.22
-11500,-38.99
-11450,-36.7
-11400,-36.77
-11350,-37.13
-11300,-38.03
-11250,-37.98
-11200,-37.44
-11150,-36.96
-11100,-36.51
-11050,-37.48
-11000,-36.73
-10950,-36.78
-10900,-36.7
-10850,-36.99
-10800,-37.23
-10750,-37.36
-10700,-36.54
-10650,-36.31
-10600,-36.17
-10550,-35.62
-10500,-36.3
-10450,-35.9
-10400,-35.7
-10350,-36.09
-10300,-36.22
-10250,-36.18
-10200,-35.73
-10150,-36.27
-10100,-35.38
-10050,-35.24
-10000,-35.25
-9950,-35.29
-9900,-34.93
-9850,-35.13
-9800,-34.99
-9750,-35.15
-9700,-34.64
-9650,-34.7
-9600,-34.86
-9550,-34.86
-9500,-34.91
-9450,-34.83
-9400,-35.12
-9350,-34.87
-9300,-34.78
-9250,-35.41
-9200,-35.48
-9150,-34.81
-9100,-34.49
-9050,-34.78
-9000,-35.22
-8950,-34.66
-8900,-34.71
-8850,-34.3
-8800,-34.67
-8750,-35.05
-8700,-34.82
-8650,-34.75
-8600,-35.12
-8550,-34.46
-8500,-34.71
-8450,-34.6
-8400,-34.77
-8350,-35.13
-8300,-34.69
-8250,-34.6
-8200,-35.39
-8150,-35.98
-8100,-35.51
-8050,-34.65
-8000,-34.63
-7950,-34.13
-7900,-34.54
-7850,-34.89
-7800,-34.25
-7750,-34.06
-7700,-34.42
-7650,-34.39
-7600,-34.33
-7550,-34.23
-7500,-34.69
-7450,-34.52
-7400,-34.41
-7350,-34.43
-7300,-34.69
-7250,-34.91
-7200,-34.61
-7150,-34.82
-7100,-34.81
-7050,-34.7
-7000,-34.79
-6950,-34.6
-6900,-34.77
-6850,-34.54
-6800,-34.66
-6750,-34.72
-6700,-34.51
-6650,-34.54
-6600,-34.61
-6550,-34.47
-6500,-35.08
-6450,-34.55
-6400,-34.35
-6350,-34.65
-6300,-34.78
-6250,-34.8
-6200,-34.77
-6150,-34.81
-6100,-34.4
-6050,-34.83
-6000,-34.93
-5950,-34.96
-5900,-34.73
-5850,-34.22
-5800,-34.82
-5750,-34.62
-5700,-34.75
-5650,-35.09
-5600,-34.63
-5550,-34.82
-5500,-34.51
-5450,-34.56
-5400,-34.64
-5350,-35.02
-5300,-34.97
-5250,-35.09
-5200,-34.68
-5150,-34.41
-5100,-34.98
-5050,-34.65
-5000,-34.76
-4950,-34.72
-4900,-34.4
-4850,-34.74
-4800,-34.85
-4750,-34.6
-4700,-34.78
-4650,-35.05
-4600,-34.87
-4550,-34.45
-4500,-35
-4450,-34.65
-4400,-34.99
-4350,-35.1
-4300,-34.65
-4250,-35.19
-4200,-34.65
-4150,-34.96
-4100,-35.25
-4050,-35.02
-4000,-34.73
-3950,-35.07
-3900,-35.11
-3850,-35.21
-3800,-35.05
-3750,-35.06
-3700,-34.63
-3650,-34.49
-3600,-35.13
-3550,-34.96
-3500,-35
-3450,-35.07
-3400,-34.81
-3350,-34.91
-3300,-35.15
-3250,-35.08
-3200,-35.17
-3150,-35.02
-3100,-34.91
-3050,-35.19
-3000,-34.98
-2950,-34.64
-2900,-35.03
-2850,-35.14
-2800,-34.96
-2750,-34.86
-2700,-35.19
-2650,-35.32
-2600,-35.29
-2550,-35.11
-2500,-35.25
-2450,-35.65
-2400,-34.93
-2350,-35.1
-2300,-34.99
-2250,-34.77
-2200,-35.33
-2150,-35.6
-2100,-35.19
-2050,-35.12
-2000,-35
-1950,-35.03
-1900,-34.66
-1850,-35.19
-1800,-35.43
-1750,-35.72
-1700,-35.22
-1650,-35.68
-1600,-34.84
-1550,-35.42
-1500,-35.68
-1450,-35.09
-1400,-35.2
-1350,-35.09
-1300,-35.26
-1250,-35.27
-1200,-35.34
-1150,-35.51
-1100,-35.58
-1050,-35.09
-1000,-35.01
-950,-35.66
-900,-35.3
-850,-35.49
-800,-35.63
-750,-35.38
-700,-35.33
-650,-35.67
-600,-35.27
-550,-35.1
-500,-35.41
-450,-35.36
-400,-35.48
-350,-35.62
-300,-35.8
-250,-35.63
-200,-35.42
-150,-35.45
-100,-35.05
-50,-34.83
0,-35.19
