"year","dD","dTsVscales"
-422766,-436.6,0.23
-422135,-437.6,0.08
-421507,-437.3,0.15
-420888,-436.4,0.32
-420281,-435.2,0.54
-419682,-435.5,0.51
-419095,-433,0.94
-418526,-431.1,1.27
-417969,-430.4,1.4
-417419,-430.3,1.43
-416872,-430.8,1.36
-416327,-431.1,1.32
-415781,-432.3,1.13
-415235,-432.2,1.16
-414692,-432.8,1.07
-414147,-434.2,0.85
-413601,-434.5,0.8
-413062,-432.8,1.08
-412533,-432.4,1.15
-412009,-431.9,1.23
-411492,-431.2,1.34
-410979,-431.6,1.27
-410483,-426.4,2.13
-409995,-429.3,1.64
-409496,-431.4,1.28
-408992,-432.3,1.12
-408485,-433.3,0.94
-407977,-433.7,0.85
-407469,-434.4,0.71
-406957,-435.6,0.49
-406441,-436.5,0.31
-405923,-437.1,0.18
-405401,-438.6,-0.1
-404874,-439.5,-0.28
-404346,-439.8,-0.37
-403815,-440.9,-0.58
-403276,-443.3,-1.01
-402728,-444.4,-1.23
-402179,-444.4,-1.26
-401636,-443.2,-1.09
-401097,-443.5,-1.17
-400553,-445.8,-1.58
-400003,-446,-1.64
-399455,-445.9,-1.65
-398909,-445.9,-1.68
-398361,-447.2,-1.92
-397808,-448.3,-2.13
-397253,-448.6,-2.2
-396694,-450.5,-2.54
-396126,-451.9,-2.8
-395543,-455.6,-3.43
-394935,-460.3,-4.23
-394297,-465,-5.02
-393636,-467.2,-5.4
-392972,-466.6,-5.31
-392317,-465.7,-5.17
-391658,-468.3,-5.6
-390999,-466.8,-5.36
-390349,-466.7,-5.34
-389700,-467.3,-5.44
-389061,-465.1,-5.07
-388435,-464.8,-5.02
-387804,-467.2,-5.4
-387167,-467.6,-5.46
-386528,-468.8,-5.65
-385894,-467.1,-5.36
-385288,-462.2,-4.54
-384710,-459.6,-4.1
-384159,-454.5,-3.24
-383641,-450.1,-2.5
-383134,-451.4,-2.72
-382622,-452.6,-2.92
-382095,-457.4,-3.72
-381551,-459.4,-4.05
-380997,-461,-4.32
-380435,-463.1,-4.68
-379864,-464.3,-4.88
-379297,-462.7,-4.63
-378743,-460.6,-4.29
-378210,-457.1,-3.72
-377702,-452.6,-2.99
-377204,-454.2,-3.27
-376690,-458.9,-4.07
-376155,-461.7,-4.55
-375604,-464.8,-5.08
-375042,-465.8,-5.26
-374478,-466.1,-5.33
-373909,-468,-5.66
-373331,-469.4,-5.9
-372746,-470.8,-6.15
-372149,-473.3,-6.58
-371545,-473.8,-6.67
-370960,-468.1,-5.74
-370403,-466.1,-5.42
-369858,-464.9,-5.23
-369331,-460.7,-4.54
-368829,-457.6,-4.03
-368329,-460.2,-4.46
-367816,-463.3,-4.97
-367297,-462.6,-4.86
-366784,-462.5,-4.84
-366267,-464.3,-5.13
-365743,-466,-5.4
-365208,-468.9,-5.88
-364659,-470.9,-6.21
-364114,-468.7,-5.84
-363580,-468,-5.72
-363042,-470.9,-6.2
-362503,-469.1,-5.9
-361973,-468.4,-5.79
-361440,-471.1,-6.24
-360904,-469.9,-6.05
-360376,-468.9,-5.89
-359855,-468.3,-5.8
-359327,-471.9,-6.41
-358786,-473.2,-6.64
-358247,-471.6,-6.39
-357712,-472.6,-6.58
-357167,-475.1,-7.01
-356612,-476.4,-7.24
-356060,-474.5,-6.94
-355512,-475.5,-7.13
-354958,-477.1,-7.41
-354400,-477.3,-7.46
-353838,-478.7,-7.71
-353273,-478.6,-7.71
-352710,-478.9,-7.77
-352150,-478,-7.64
-351596,-477.5,-7.57
-351044,-477.9,-7.64
-350493,-477.8,-7.64
-349945,-477.6,-7.61
-349404,-475.8,-7.32
-348877,-473.9,-7.02
-348357,-474.1,-7.05
-347841,-473.3,-6.92
-347330,-472.7,-6.83
-346823,-472.8,-6.84
-346319,-472.3,-6.76
-345821,-471.7,-6.65
-345327,-471.3,-6.58
-344839,-470.5,-6.43
-344348,-473,-6.84
-343853,-472.6,-6.76
-343364,-472,-6.64
-342879,-471.8,-6.59
-342401,-470.3,-6.32
-341930,-470,-6.26
-341462,-470.4,-6.31
-340984,-473.9,-6.88
-340490,-477.3,-7.44
-339993,-475.5,-7.13
-339505,-474.6,-6.98
-339015,-477.2,-7.4
-338521,-476.6,-7.3
-338033,-475.8,-7.16
-337544,-477.4,-7.42
-337055,-476.7,-7.3
-336567,-477.5,-7.43
-336081,-476.6,-7.28
-335595,-478.4,-7.58
-335100,-480.1,-7.87
-334600,-480.4,-7.93
-334101,-480.3,-7.94
-333602,-480.7,-8.04
-333106,-479.4,-7.86
-332624,-475.8,-7.3
-332164,-471.5,-6.63
-331725,-467.8,-6.06
-331300,-465.8,-5.76
-330883,-465,-5.67
-330476,-461.4,-5.11
-330081,-459.9,-4.9
-329694,-457.8,-4.56
-329318,-455.6,-4.21
-328955,-452.3,-3.68
-328602,-450.6,-3.41
-328258,-448.3,-3.03
-327924,-445.9,-2.64
-327597,-445.4,-2.55
-327273,-444.5,-2.41
-326952,-444.4,-2.39
-326639,-440.5,-1.73
-326342,-435.9,-0.96
-326061,-431.7,-0.25
-325789,-430,0.05
-325527,-426.3,0.68
-325278,-421,1.59
-325039,-420.3,1.74
-324804,-419,2
-324574,-417.2,2.34
-324349,-415.6,2.65
-324129,-414.8,2.86
-323911,-415.5,2.84
-323695,-415.2,2.99
-323482,-414.9,3.14
-323269,-415.8,3.08
-323057,-416.2,3.08
-322847,-415.9,3.18
-322638,-416.2,3.19
-322426,-418.7,2.82
-322214,-418.8,2.85
-322000,-420.2,2.65
-321783,-423.2,2.18
-321559,-426.5,1.66
-321329,-429.1,1.26
-321095,-430,1.14
-320856,-434.7,0.38
-320607,-437.7,-0.09
-320354,-438.4,-0.18
-320102,-438.2,-0.12
-319853,-436.7,0.15
-319608,-436.3,0.24
-319364,-436.9,0.16
-319118,-437.9,0.02
-318872,-438.1,0.01
-318628,-437,0.2
-318385,-438.1,0.02
-318141,-438.4,-0.03
-317897,-439,-0.14
-317649,-440.6,-0.42
-317401,-440.4,-0.39
-317155,-439.2,-0.2
-316910,-439.9,-0.33
-316666,-438.9,-0.18
-316424,-438.8,-0.18
-316179,-440.7,-0.51
-315934,-440.3,-0.46
-315689,-440.3,-0.48
-315443,-441.1,-0.64
-315194,-443,-0.97
-314943,-443,-0.99
-314692,-443.6,-1.1
-314438,-444.8,-1.32
-314183,-445,-1.36
-313928,-445,-1.38
-313674,-444.7,-1.34
-313418,-446.2,-1.61
-313159,-447.2,-1.79
-312899,-447.9,-1.92
-312634,-450.1,-2.29
-312367,-450.4,-2.35
-312099,-450.9,-2.45
-311832,-449.5,-2.22
-311568,-450.1,-2.33
-311302,-450.4,-2.39
-311035,-451.2,-2.54
-310766,-452.6,-2.78
-310493,-454.3,-3.06
-310215,-455.8,-3.32
-309934,-456.2,-3.39
-309651,-458,-3.69
-309365,-458.8,-3.83
-309077,-459,-3.86
-308789,-459.5,-3.95
-308500,-460.3,-4.09
-308206,-462.2,-4.41
-307908,-463.9,-4.69
-307608,-463.2,-4.58
-307309,-464,-4.72
-307005,-466.2,-5.09
-306698,-466.5,-5.14
-306386,-468.9,-5.54
-306073,-468.2,-5.42
-305764,-466.5,-5.14
-305463,-464.6,-4.82
-305171,-461.6,-4.32
-304886,-460.5,-4.13
-304606,-459,-3.88
-304333,-456.5,-3.46
-304068,-453.9,-3.03
-303810,-453,-2.88
-303558,-449.8,-2.34
-303316,-446.2,-1.74
-303077,-448,-2.04
-302834,-449.5,-2.28
-302583,-455,-3.19
-302320,-457.7,-3.64
-302061,-452.4,-2.76
-301813,-451,-2.52
-301560,-455.8,-3.32
-301305,-453.4,-2.92
-301052,-454.9,-3.17
-300799,-453.7,-2.97
-300547,-454.7,-3.13
-300293,-455.5,-3.26
-300039,-454.4,-3.08
-299788,-455,-3.19
-299533,-456.6,-3.45
-299275,-458,-3.69
-299012,-460.1,-4.04
-298749,-458.7,-3.81
-298485,-461,-4.2
-298215,-462.7,-4.48
-297943,-463.2,-4.57
-297669,-463.9,-4.7
-297393,-465.1,-4.9
-297116,-464.5,-4.81
-296840,-465.1,-4.92
-296562,-465.8,-5.04
-296289,-462.7,-4.53
-296020,-462.9,-4.57
-295749,-465.1,-4.94
-295474,-465.2,-4.96
-295198,-466.2,-5.13
-294919,-467.4,-5.34
-294637,-468.7,-5.56
-294348,-471.7,-6.06
-294060,-468.9,-5.6
-293779,-467.3,-5.34
-293502,-466.5,-5.22
-293232,-463.7,-4.76
-292976,-457.1,-3.67
-292732,-455.8,-3.46
-292490,-456.1,-3.52
-292242,-459.7,-4.13
-291986,-462.6,-4.62
-291721,-465.2,-5.07
-291455,-464.3,-4.93
-291193,-462.5,-4.65
-290929,-465.4,-5.15
-290660,-466.8,-5.39
-290382,-470.4,-6
-290100,-470.3,-6
-289823,-467.6,-5.56
-289549,-468.2,-5.67
-289271,-470.5,-6.06
-288986,-473.1,-6.5
-288698,-472.1,-6.34
-288418,-468.8,-5.8
-288145,-468,-5.68
-287879,-464.4,-5.09
-287617,-465.5,-5.28
-287351,-467.5,-5.62
-287079,-469.5,-5.96
-286802,-470.6,-6.15
-286525,-470.2,-6.1
-286248,-471.2,-6.27
-285968,-472,-6.4
-285686,-473,-6.57
-285398,-475.6,-6.99
-285102,-478.4,-7.45
-284804,-477.5,-7.3
-284508,-477.3,-7.27
-284218,-474.7,-6.83
-283941,-469.4,-5.95
-283677,-467,-5.54
-283417,-467.1,-5.55
-283160,-465.2,-5.22
-282910,-463,-4.85
-282661,-464.9,-5.15
-282405,-468.1,-5.67
-282143,-469.9,-5.96
-281875,-472.6,-6.39
-281602,-473.4,-6.5
-281332,-471.2,-6.11
-281071,-468.6,-5.66
-280817,-466.6,-5.3
-280564,-469.1,-5.69
-280303,-472.2,-6.18
-280038,-472.2,-6.17
-279781,-468.2,-5.49
-279533,-465.9,-5.1
-279292,-463.4,-4.67
-279057,-462.1,-4.44
-278825,-462.1,-4.43
-278593,-462.2,-4.44
-278361,-462.4,-4.46
-278130,-462.3,-4.44
-277903,-459.6,-4
-277680,-459.3,-3.95
-277460,-457.2,-3.61
-277246,-455.5,-3.33
-277036,-453.5,-3.01
-276830,-452.7,-2.88
-276622,-455.5,-3.35
-276409,-457.1,-3.62
-276195,-456.2,-3.48
-275983,-455.5,-3.38
-275772,-456.4,-3.53
-275559,-457.4,-3.71
-275344,-457.5,-3.73
-275127,-459.8,-4.13
-274909,-458.7,-3.95
-274692,-458.6,-3.95
-274477,-457.6,-3.8
-274263,-457.7,-3.84
-274048,-459.2,-4.1
-273827,-461.8,-4.55
-273605,-460.4,-4.33
-273385,-460.3,-4.33
-273166,-460.3,-4.35
-272946,-460.6,-4.43
-272724,-461.8,-4.65
-272500,-463.2,-4.9
-272276,-461.2,-4.6
-272053,-462.3,-4.8
-271822,-467.3,-5.65
-271584,-467.7,-5.74
-271347,-467.1,-5.65
-271114,-464.9,-5.3
-270883,-465.7,-5.44
-270648,-467.8,-5.8
-270409,-469,-6
-270169,-468.6,-5.95
-269926,-471.7,-6.47
-269678,-472.4,-6.59
-269429,-472.7,-6.65
-269178,-473.8,-6.84
-268926,-473.4,-6.77
-268677,-472.4,-6.61
-268435,-468.4,-5.96
-268194,-472.2,-6.59
-267946,-473.8,-6.86
-267692,-476.3,-7.28
-267431,-478.5,-7.65
-267167,-478.5,-7.66
-266905,-477.8,-7.54
-266643,-479,-7.75
-266380,-478.1,-7.61
-266123,-475.5,-7.18
-265865,-479.1,-7.78
-265595,-483.8,-8.57
-265321,-481.1,-8.13
-265055,-479.4,-7.85
-264792,-479.4,-7.86
-264533,-477.3,-7.52
-264273,-479.7,-7.93
-264004,-483.3,-8.53
-263732,-481.9,-8.3
-263466,-480.5,-8.08
-263201,-480.8,-8.13
-262933,-482.5,-8.42
-262665,-481.2,-8.21
-262399,-481.7,-8.3
-262131,-482.4,-8.42
-261865,-480.8,-8.16
-261602,-481,-8.19
-261336,-482.4,-8.43
-261069,-482.4,-8.43
-260801,-482.9,-8.52
-260536,-481.3,-8.26
-260272,-481.6,-8.31
-260009,-481.5,-8.3
-259750,-479.6,-7.99
-259492,-480,-8.05
-259235,-480.2,-8.09
-258978,-479.5,-7.98
-258723,-479.7,-8.01
-258471,-477.6,-7.67
-258224,-476.6,-7.5
-257975,-478.7,-7.85
-257726,-477.8,-7.7
-257479,-477.1,-7.58
-257234,-476.1,-7.42
-256994,-474.4,-7.13
-256759,-473.2,-6.93
-256525,-473.3,-6.95
-256294,-471.8,-6.69
-256068,-469.8,-6.36
-255844,-470.3,-6.43
-255620,-470.1,-6.39
-255399,-468.7,-6.16
-255183,-466.4,-5.77
-254972,-464.3,-5.41
-254767,-462.7,-5.14
-254560,-465.5,-5.6
-254345,-470.6,-6.45
-254121,-472.4,-6.75
-253896,-471.7,-6.63
-253670,-473.2,-6.88
-253442,-473.5,-6.93
-253213,-474.7,-7.13
-252986,-471.2,-6.55
-252769,-467.9,-6.01
-252553,-470.8,-6.49
-252329,-474.8,-7.16
-252102,-472.6,-6.79
-251883,-469.3,-6.25
-251666,-470.8,-6.5
-251448,-470.7,-6.48
-251231,-469.8,-6.34
-251021,-466.1,-5.72
-250818,-463.5,-5.29
-250618,-463.6,-5.31
-250413,-468.8,-6.17
-250199,-470.9,-6.52
-249984,-470.1,-6.39
-249772,-468.4,-6.11
-249560,-470.6,-6.48
-249345,-470.8,-6.51
-249128,-472.3,-6.76
-248907,-475.2,-7.24
-248680,-476.2,-7.41
-248453,-475.9,-7.36
-248229,-474.3,-7.1
-248007,-474.5,-7.13
-247785,-474.5,-7.13
-247566,-472.4,-6.78
-247351,-471.3,-6.6
-247135,-473.2,-6.92
-246917,-474.1,-7.07
-246700,-472.3,-6.78
-246485,-472.6,-6.83
-246269,-472.8,-6.86
-246053,-474,-7.07
-245834,-474.7,-7.19
-245618,-471.8,-6.71
-245407,-471,-6.58
-245196,-471.8,-6.72
-244983,-473.3,-6.97
-244767,-473.9,-7.07
-244551,-473.6,-7.02
-244337,-473.1,-6.94
-244124,-472.4,-6.82
-243916,-469.7,-6.38
-243714,-467,-5.93
-243519,-464.2,-5.46
-243330,-462.5,-5.18
-243144,-461,-4.93
-242959,-461.6,-5.02
-242770,-465.4,-5.65
-242576,-466,-5.74
-242382,-466.4,-5.8
-242187,-466.8,-5.86
-241991,-468.3,-6.1
-241792,-469,-6.21
-241596,-466.6,-5.8
-241406,-463.3,-5.23
-241224,-460.9,-4.82
-241048,-457.1,-4.17
-240877,-455.3,-3.85
-240711,-453.6,-3.55
-240548,-453,-3.43
-240387,-451.1,-3.09
-240231,-448.2,-2.59
-240080,-445.5,-2.12
-239931,-446.2,-2.22
-239784,-443.6,-1.76
-239642,-440.9,-1.29
-239506,-436.5,-0.54
-239375,-434.4,-0.18
-239248,-430.7,0.46
-239125,-430.2,0.56
-239003,-429.5,0.69
-238883,-427.8,0.99
-238764,-427.1,1.12
-238647,-426.1,1.3
-238532,-424.7,1.55
-238419,-424.1,1.66
-238306,-423.6,1.75
-238194,-422.8,1.9
-238084,-421.7,2.09
-237975,-421.1,2.2
-237866,-422.4,1.99
-237755,-424,1.74
-237643,-424.1,1.73
-237529,-428.4,1.03
-237410,-432.5,0.36
-237288,-431.8,0.48
-237166,-433.8,0.16
-237043,-434.2,0.1
-236916,-438.5,-0.6
-236785,-440.6,-0.94
-236652,-441.9,-1.15
-236518,-442.1,-1.17
-236385,-441.8,-1.11
-236250,-443.6,-1.4
-236114,-443.9,-1.45
-235977,-446.6,-1.89
-235836,-448,-2.11
-235694,-448.2,-2.13
-235552,-448.9,-2.24
-235411,-447,-1.92
-235271,-447.1,-1.93
-235129,-450.2,-2.44
-234984,-452.2,-2.77
-234837,-451.5,-2.65
-234694,-449.1,-2.25
-234552,-448.9,-2.22
-234411,-448.9,-2.22
-234268,-451.6,-2.66
-234122,-452.3,-2.78
-233979,-449.6,-2.33
-233836,-451.2,-2.59
-233691,-452.9,-2.87
-233542,-455.2,-3.26
-233390,-457.9,-3.71
-233236,-457.5,-3.66
-233083,-456.1,-3.44
-232930,-458.2,-3.8
-232774,-458.8,-3.91
-232617,-460.2,-4.16
-232458,-460.9,-4.29
-232299,-460.4,-4.21
-232140,-461.3,-4.38
-231979,-462.2,-4.54
-231815,-464.5,-4.93
-231649,-464.7,-4.98
-231482,-465.2,-5.07
-231315,-465.6,-5.15
-231146,-466.8,-5.37
-230972,-471.1,-6.09
-230794,-470.2,-5.96
-230618,-470,-5.94
-230440,-471.3,-6.17
-230264,-469.3,-5.85
-230088,-471,-6.15
-229909,-472.1,-6.34
-229726,-474.2,-6.71
-229541,-475.2,-6.89
-229354,-475.9,-7.01
-229165,-476.9,-7.19
-228974,-477.7,-7.34
-228783,-477.6,-7.33
-228596,-474.4,-6.81
-228416,-470.6,-6.19
-228241,-469.4,-6.01
-228064,-472.3,-6.5
-227883,-474.1,-6.81
-227699,-475.9,-7.12
-227512,-476.3,-7.19
-227321,-478.8,-7.62
-227128,-479.2,-7.7
-226939,-475.2,-7.04
-226758,-472.1,-6.53
-226582,-470.8,-6.33
-226408,-469.8,-6.17
-226238,-466.2,-5.58
-226072,-467,-5.72
-225900,-472.2,-6.59
-225726,-468.4,-5.96
-225562,-462.5,-4.99
-225399,-467.8,-5.88
-225229,-469.7,-6.2
-225058,-469.8,-6.22
-224888,-467.8,-5.89
-224716,-472.4,-6.66
-224536,-475.6,-7.19
-224351,-478.3,-7.64
-224164,-476.6,-7.36
-223979,-477.7,-7.55
-223792,-478,-7.6
-223605,-478.2,-7.63
-223420,-476.2,-7.3
-223240,-473.7,-6.89
-223062,-474.5,-7.02
-222885,-473,-6.78
-222711,-471.3,-6.49
-222535,-476.2,-7.29
-222355,-474.9,-7.07
-222182,-469.8,-6.21
-222015,-468.9,-6.06
-221850,-468.7,-6.02
-221684,-469.8,-6.19
-221520,-467.4,-5.78
-221363,-462.4,-4.95
-221210,-462.1,-4.89
-221058,-463,-5.03
-220907,-459.8,-4.49
-220761,-459,-4.35
-220613,-462,-4.84
-220461,-463,-4.99
-220312,-459.7,-4.43
-220167,-458.5,-4.23
-220023,-459.1,-4.31
-219878,-459.5,-4.37
-219738,-453.8,-3.42
-219605,-450.4,-2.84
-219472,-453.5,-3.35
-219339,-452.5,-3.17
-219207,-451.4,-2.98
-219076,-451,-2.9
-218946,-451.3,-2.94
-218814,-452.9,-3.2
-218681,-453.1,-3.23
-218551,-449.5,-2.62
-218426,-447,-2.2
-218303,-446.3,-2.08
-218181,-445.7,-1.97
-218060,-445,-1.85
-217939,-446.2,-2.04
-217817,-447.1,-2.18
-217699,-441.1,-1.18
-217584,-441.3,-1.2
-217470,-440.9,-1.13
-217356,-440.3,-1.02
-217244,-439.4,-0.86
-217131,-440.7,-1.07
-217018,-441.7,-1.23
-216904,-440.2,-0.97
-216792,-440.7,-1.05
-216678,-442.8,-1.39
-216560,-447.1,-2.1
-216439,-447.4,-2.14
-216319,-447.3,-2.11
-216197,-449,-2.39
-216075,-448.4,-2.28
-215955,-445.5,-1.79
-215839,-443.5,-1.45
-215723,-445.3,-1.74
-215608,-442.2,-1.22
-215497,-440.4,-0.91
-215386,-441.1,-1.02
-215274,-442.5,-1.24
-215161,-443.5,-1.4
-215047,-445.2,-1.67
-214932,-443.6,-1.39
-214819,-443,-1.29
-214706,-443.5,-1.36
-214592,-444.8,-1.58
-214478,-445,-1.61
-214364,-443.8,-1.41
-214251,-443.8,-1.4
-214138,-444.4,-1.5
-214024,-444.9,-1.58
-213911,-443.5,-1.35
-213799,-444.1,-1.45
-213684,-447.8,-2.06
-213567,-446.4,-1.82
-213453,-445.5,-1.67
-213338,-446,-1.76
-213223,-447.2,-1.96
-213109,-444.4,-1.5
-212996,-445.3,-1.65
-212881,-447.8,-2.07
-212766,-445.1,-1.63
-212653,-445.2,-1.65
-212538,-447.5,-2.03
-212422,-447.7,-2.07
-212305,-448.3,-2.17
-212190,-446.1,-1.81
-212075,-447.4,-2.03
-211960,-447.2,-2
-211842,-452,-2.8
-211721,-450.8,-2.61
-211603,-448.8,-2.28
-211485,-450.3,-2.53
-211366,-450.5,-2.56
-211246,-451.1,-2.67
-211127,-450.9,-2.64
-211009,-448.3,-2.21
-210893,-447.9,-2.14
-210777,-449,-2.33
-210659,-451.8,-2.79
-210538,-452.5,-2.91
-210418,-451,-2.67
-210300,-450.8,-2.64
-210182,-450,-2.51
-210062,-453.4,-3.07
-209938,-456.4,-3.58
-209812,-455.8,-3.48
-209686,-457.3,-3.73
-209560,-456.2,-3.55
-209436,-453.9,-3.17
-209315,-452.1,-2.88
-209195,-453.2,-3.06
-209072,-457,-3.7
-208946,-456.1,-3.55
-208821,-456.4,-3.6
-208696,-456.3,-3.59
-208571,-456.8,-3.68
-208445,-457.6,-3.81
-208319,-456.9,-3.7
-208191,-460.8,-4.35
-208061,-458.8,-4.02
-207933,-459.3,-4.11
-207803,-461.7,-4.51
-207671,-461.4,-4.47
-207540,-460.8,-4.37
-207409,-461.5,-4.49
-207278,-460.4,-4.31
-207149,-460.3,-4.29
-207019,-460.8,-4.37
-206890,-460.2,-4.27
-206759,-462.5,-4.65
-206627,-462.3,-4.62
-206496,-460.9,-4.39
-206366,-462.6,-4.67
-206232,-464.9,-5.05
-206097,-464.3,-4.95
-205965,-461.3,-4.45
-205836,-460.7,-4.35
-205708,-460.1,-4.25
-205582,-458.3,-3.95
-205458,-456.4,-3.63
-205336,-456.7,-3.68
-205214,-456.8,-3.69
-205092,-456,-3.55
-204973,-453.7,-3.17
-204857,-451.4,-2.78
-204743,-450.1,-2.56
-204629,-452.4,-2.94
-204512,-453.8,-3.17
-204394,-454.3,-3.25
-204278,-451.9,-2.84
-204164,-451.1,-2.71
-204049,-453.5,-3.1
-203933,-453.1,-3.03
-203818,-452.5,-2.92
-203704,-451.4,-2.73
-203592,-449.6,-2.43
-203481,-450.4,-2.56
-203370,-449.1,-2.34
-203262,-446.5,-1.9
-203155,-447,-1.98
-203046,-449.5,-2.38
-202936,-450.2,-2.49
-202826,-449,-2.29
-202717,-449.4,-2.35
-202607,-450.6,-2.54
-202496,-450.5,-2.51
-202386,-451,-2.59
-202275,-449.9,-2.4
-202169,-444.7,-1.53
-202065,-447.7,-2.02
-201957,-449.7,-2.34
-201849,-448.2,-2.08
-201742,-449.3,-2.26
-201635,-447.7,-1.99
-201529,-448.5,-2.11
-201423,-447.6,-1.96
-201319,-444.8,-1.49
-201216,-447.3,-1.9
-201109,-451.5,-2.59
-200998,-452.7,-2.78
-200887,-453.1,-2.84
-200776,-453,-2.82
-200666,-451,-2.48
-200558,-450.7,-2.42
-200451,-448.3,-2.02
-200345,-449.6,-2.23
-200236,-454.7,-3.07
-200124,-453,-2.78
-200015,-452.4,-2.68
-199904,-454.1,-2.95
-199793,-453.2,-2.8
-199682,-455.5,-3.17
-199567,-458.3,-3.63
-199452,-456.9,-3.4
-199337,-458.2,-3.62
-199220,-459.5,-3.84
-199104,-456.7,-3.37
-198992,-454.2,-2.96
-198881,-454.9,-3.08
-198768,-456.2,-3.29
-198656,-455.6,-3.2
-198542,-458.5,-3.68
-198426,-459.3,-3.81
-198309,-459.2,-3.8
-198192,-459.5,-3.85
-198075,-460.8,-4.07
-197954,-463.3,-4.48
-197833,-462.2,-4.3
-197711,-465.4,-4.83
-197587,-465.6,-4.87
-197462,-465.1,-4.79
-197338,-466.2,-4.97
-197211,-467.4,-5.17
-197086,-465.5,-4.86
-196965,-460.5,-4.04
-196846,-463.2,-4.49
-196722,-468.5,-5.37
-196593,-468.9,-5.45
-196463,-470.5,-5.72
-196332,-470.5,-5.72
-196202,-469.7,-5.59
-196071,-470.5,-5.73
-195940,-470.8,-5.78
-195808,-471.8,-5.95
-195676,-471.3,-5.88
-195546,-468.9,-5.48
-195420,-465.5,-4.92
-195298,-464.8,-4.81
-195175,-465.3,-4.9
-195051,-467.2,-5.22
-194926,-466.3,-5.07
-194806,-461.2,-4.23
-194687,-464.5,-4.79
-194565,-465.5,-4.96
-194444,-462.9,-4.53
-194324,-464.5,-4.8
-194201,-466.8,-5.19
-194075,-469.4,-5.63
-193946,-470.9,-5.88
-193816,-470.9,-5.89
-193687,-469.6,-5.68
-193556,-473,-6.25
-193421,-476.2,-6.78
-193285,-473.1,-6.28
-193152,-472.7,-6.21
-193022,-470.4,-5.84
-192895,-467.4,-5.35
-192768,-471.1,-5.97
-192638,-471.3,-6.01
-192509,-470.3,-5.85
-192382,-468.2,-5.51
-192258,-465.2,-5.02
-192138,-464,-4.83
-192018,-464.8,-4.97
-191895,-467.7,-5.46
-191771,-467,-5.36
-191647,-468.1,-5.55
-191522,-467.8,-5.51
-191398,-466.8,-5.35
-191276,-465.7,-5.18
-191156,-462.3,-4.63
-191043,-456.5,-3.68
-190934,-456,-3.6
-190822,-461.4,-4.51
-190705,-462.6,-4.72
-190587,-463,-4.79
-190469,-463.2,-4.84
-190348,-467.8,-5.61
-190222,-470.1,-6
-190092,-473,-6.49
-189961,-471.6,-6.27
-189832,-470,-6.02
-189702,-473.6,-6.63
-189568,-475.9,-7.02
-189431,-476.2,-7.08
-189297,-472.5,-6.48
-189165,-473.4,-6.64
-189030,-476.1,-7.1
-188892,-478.2,-7.46
-188752,-478.4,-7.51
-188609,-480.8,-7.92
-188467,-479,-7.63
-188324,-480.2,-7.84
-188181,-480.3,-7.87
-188042,-475.2,-7.03
-187907,-475,-7.01
-187770,-477.4,-7.42
-187630,-479.5,-7.78
-187486,-481.7,-8.14
-187343,-479.3,-7.75
-187204,-476.4,-7.27
-187067,-476.9,-7.36
-186927,-480.4,-7.94
-186784,-481.3,-8.09
-186642,-478.8,-7.68
-186499,-481.6,-8.14
-186356,-480.4,-7.95
-186213,-480.6,-7.98
-186071,-480.1,-7.9
-185931,-478.5,-7.64
-185788,-483.6,-8.49
-185640,-485,-8.72
-185494,-480.3,-7.94
-185354,-479.1,-7.75
-185212,-482,-8.23
-185069,-481.2,-8.1
-184928,-479.1,-7.75
-184787,-481.8,-8.21
-184641,-484.9,-8.72
-184501,-475.1,-7.1
-184367,-476.7,-7.37
-184229,-481.1,-8.1
-184088,-479.2,-7.79
-183948,-480.9,-8.08
-183807,-481.6,-8.2
-183664,-481.4,-8.17
-183525,-478.2,-7.64
-183386,-481,-8.11
-183243,-483.8,-8.58
-183102,-478.9,-7.77
-182965,-478.5,-7.7
-182830,-476,-7.29
-182694,-480.7,-8.08
-182556,-478.2,-7.66
-182421,-477.3,-7.52
-182284,-480.2,-8
-182146,-479.4,-7.87
-182011,-475.9,-7.3
-181881,-473.8,-6.95
-181753,-472.3,-6.71
-181626,-472.7,-6.77
-181502,-469.2,-6.2
-181382,-466.8,-5.8
-181259,-473.5,-6.92
-181132,-471.8,-6.64
-181011,-466.3,-5.73
-180895,-463.8,-5.32
-180780,-465.7,-5.64
-180663,-465.7,-5.64
-180546,-466.1,-5.71
-180426,-470.5,-6.44
-180304,-469.5,-6.28
-180182,-469.9,-6.35
-180060,-469.8,-6.34
-179939,-470.1,-6.39
-179820,-464.7,-5.49
-179706,-463.5,-5.3
-179590,-468.2,-6.08
-179468,-472.7,-6.83
-179342,-473.7,-7
-179217,-471.6,-6.65
-179093,-472.3,-6.77
-178965,-476.7,-7.5
-178830,-481.8,-8.35
-178691,-481.4,-8.28
-178554,-480.6,-8.15
-178417,-480.8,-8.19
-178283,-477.5,-7.64
-178153,-475.1,-7.25
-178026,-474,-7.07
-177900,-473.2,-6.94
-177773,-476.2,-7.44
-177644,-476,-7.4
-177517,-473.1,-6.92
-177393,-472.8,-6.88
-177268,-473.9,-7.06
-177142,-474,-7.08
-177015,-476.5,-7.49
-176887,-474.7,-7.19
-176759,-476.8,-7.54
-176630,-477,-7.58
-176501,-476.5,-7.5
-176373,-475.5,-7.33
-176244,-476.9,-7.56
-176117,-474.9,-7.23
-175991,-474.8,-7.22
-175866,-473.5,-7
-175746,-467.7,-6.04
-175630,-468,-6.09
-175509,-475,-7.25
-175386,-472.5,-6.84
-175266,-468.4,-6.16
-175150,-468.3,-6.14
-175034,-467.6,-6.02
-174920,-467,-5.92
-174804,-469.1,-6.27
-174688,-468,-6.09
-174573,-467.2,-5.95
-174459,-467.6,-6.02
-174344,-468.6,-6.18
-174226,-472,-6.74
-174105,-472.7,-6.86
-173988,-467,-5.91
-173875,-466,-5.74
-173761,-469.4,-6.3
-173642,-474.4,-7.13
-173519,-473.4,-6.96
-173397,-474.3,-7.11
-173275,-473,-6.89
-173153,-475.5,-7.31
-173027,-478,-7.72
-172900,-476.7,-7.51
-172774,-477.5,-7.64
-172647,-477,-7.56
-172522,-476.8,-7.53
-172393,-480.5,-8.14
-172262,-480.5,-8.15
-172132,-479.9,-8.05
-172004,-477.5,-7.65
-171880,-474,-7.08
-171760,-472.8,-6.88
-171638,-476,-7.41
-171519,-469.1,-6.27
-171405,-468.4,-6.16
-171289,-473.5,-7
-171165,-479.3,-7.97
-171040,-473.5,-7.01
-170922,-471.1,-6.61
-170803,-474.9,-7.25
-170683,-472.5,-6.85
-170568,-467.7,-6.05
-170455,-468.8,-6.23
-170340,-471.7,-6.71
-170221,-475.3,-7.3
-170101,-473.6,-7.01
-169983,-471.2,-6.61
-169866,-472.8,-6.87
-169750,-470.4,-6.47
-169638,-466.6,-5.83
-169531,-462.1,-5.08
-169425,-466.5,-5.81
-169314,-469.4,-6.29
-169201,-469.7,-6.33
-169088,-469.7,-6.33
-168974,-471.3,-6.59
-168857,-474.1,-7.05
-168739,-473.5,-6.94
-168623,-472.1,-6.71
-168506,-473.3,-6.9
-168391,-471.6,-6.62
-168276,-471.8,-6.65
-168159,-474.7,-7.13
-168039,-477.3,-7.56
-167915,-479.3,-7.89
-167790,-480.3,-8.05
-167664,-479.8,-7.96
-167539,-479.8,-7.96
-167414,-478.6,-7.76
-167290,-480,-7.99
-167164,-481.6,-8.25
-167035,-482.8,-8.45
-166909,-479,-7.82
-166785,-479.5,-7.9
-166662,-478,-7.65
-166537,-482.2,-8.34
-166411,-480.9,-8.12
-166284,-482.5,-8.39
-166155,-482.8,-8.44
-166029,-480,-7.97
-165903,-483.4,-8.53
-165774,-483.6,-8.57
-165646,-481.2,-8.17
-165522,-480.1,-7.98
-165399,-479.1,-7.82
-165274,-482.1,-8.31
-165148,-482,-8.3
-165021,-482.9,-8.44
-164894,-482,-8.29
-164769,-480.9,-8.11
-164642,-484.9,-8.77
-164512,-483.7,-8.57
-164385,-483,-8.46
-164258,-481.8,-8.26
-164136,-477.7,-7.58
-164016,-478.8,-7.76
-163896,-478.2,-7.66
-163777,-476.6,-7.39
-163660,-475.6,-7.23
-163546,-473.1,-6.81
-163432,-474.2,-7
-163318,-474.5,-7.05
-163204,-474.4,-7.03
-163089,-475.7,-7.25
-162976,-471.3,-6.52
-162867,-469,-6.14
-162759,-470.7,-6.42
-162649,-471.8,-6.6
-162543,-465.7,-5.59
-162440,-464.9,-5.46
-162336,-469.5,-6.22
-162227,-471.8,-6.6
-162117,-471.8,-6.6
-162005,-475.3,-7.18
-161890,-475.7,-7.25
-161776,-474.4,-7.03
-161661,-476.5,-7.38
-161545,-476.6,-7.41
-161427,-480,-7.97
-161308,-477.2,-7.52
-161192,-476.1,-7.34
-161077,-476.9,-7.48
-160963,-472.7,-6.79
-160851,-474.4,-7.07
-160740,-473,-6.85
-160626,-476.3,-7.4
-160514,-472.6,-6.79
-160403,-472.5,-6.78
-160293,-471.8,-6.67
-160184,-472.3,-6.76
-160076,-469.2,-6.25
-159971,-467.3,-5.94
-159865,-470.9,-6.54
-159757,-469.8,-6.37
-159651,-469.2,-6.27
-159548,-463.7,-5.36
-159444,-471,-6.58
-159340,-465.3,-5.63
-159240,-463.1,-5.27
-159139,-466.8,-5.89
-159033,-471.8,-6.72
-158925,-471.2,-6.62
-158815,-473.9,-7.07
-158702,-477.2,-7.62
-158584,-479.8,-8.05
-158469,-474.2,-7.13
-158359,-471.2,-6.63
-158250,-473,-6.93
-158140,-473.2,-6.97
-158026,-479,-7.93
-157909,-477.9,-7.75
-157793,-477.4,-7.67
-157677,-478.8,-7.91
-157560,-477.5,-7.69
-157444,-478.4,-7.84
-157324,-482.9,-8.59
-157202,-482.4,-8.5
-157080,-482.9,-8.58
-156957,-482.7,-8.55
-156835,-482.4,-8.49
-156714,-482.6,-8.52
-156593,-480.5,-8.17
-156473,-482.7,-8.54
-156349,-486,-9.08
-156225,-482.5,-8.5
-156105,-481.2,-8.28
-155983,-484.8,-8.87
-155861,-481.8,-8.37
-155743,-478.9,-7.89
-155625,-482,-8.4
-155506,-480.9,-8.21
-155388,-480.1,-8.08
-155271,-480,-8.06
-155151,-484.7,-8.84
-155029,-482.9,-8.53
-154907,-484.5,-8.8
-154783,-485.7,-9
-154664,-478.8,-7.85
-154551,-475.9,-7.37
-154438,-478.9,-7.86
-154322,-480.6,-8.14
-154207,-477.6,-7.64
-154094,-478.1,-7.72
-153981,-477.5,-7.62
-153868,-478.2,-7.74
-153753,-480.4,-8.1
-153637,-480.2,-8.06
-153523,-477.5,-7.61
-153412,-475.2,-7.23
-153301,-477.9,-7.68
-153188,-478.5,-7.78
-153076,-477.7,-7.64
-152963,-477.9,-7.67
-152852,-476.8,-7.49
-152740,-477.7,-7.64
-152628,-479,-7.86
-152513,-480.3,-8.08
-152398,-480.7,-8.15
-152283,-478.4,-7.77
-152171,-477.9,-7.69
-152058,-479.1,-7.89
-151945,-479.1,-7.89
-151832,-478.7,-7.82
-151721,-476.1,-7.4
-151611,-476,-7.38
-151502,-476.2,-7.42
-151393,-475,-7.22
-151287,-473.1,-6.91
-151181,-473.1,-6.91
-151076,-472.8,-6.86
-150972,-471.3,-6.61
-150868,-472.1,-6.75
-150762,-476.1,-7.41
-150653,-476.2,-7.43
-150545,-473.4,-6.96
-150440,-473.2,-6.93
-150333,-475.7,-7.34
-150224,-476.9,-7.54
-150116,-475.6,-7.33
-150008,-475.7,-7.34
-149899,-477.1,-7.57
-149789,-477.3,-7.61
-149679,-477.5,-7.64
-149569,-477.6,-7.66
-149460,-476.4,-7.46
-149351,-476.8,-7.52
-149241,-477.7,-7.67
-149132,-476.9,-7.54
-149022,-477.4,-7.62
-148913,-478,-7.72
-148802,-478.7,-7.84
-148691,-478.7,-7.84
-148581,-477.5,-7.64
-148471,-477.9,-7.7
-148362,-476.8,-7.52
-148253,-477.7,-7.67
-148141,-482.4,-8.45
-148025,-482.5,-8.47
-147910,-481.6,-8.32
-147796,-481.2,-8.25
-147684,-479.5,-7.97
-147572,-480,-8.05
-147459,-480.6,-8.15
-147347,-479.8,-8.02
-147236,-479.8,-8.02
-147124,-479.4,-7.95
-147014,-479,-7.88
-146903,-479.7,-8
-146792,-479.8,-8.02
-146681,-479.6,-7.98
-146570,-478.6,-7.82
-146461,-477.9,-7.71
-146352,-478.8,-7.86
-146242,-479.6,-7.99
-146131,-479.6,-8
-146019,-481.5,-8.31
-145905,-482.3,-8.45
-145792,-481.6,-8.34
-145678,-482.5,-8.49
-145563,-483.3,-8.62
-145449,-481.4,-8.31
-145337,-480.3,-8.13
-145226,-479.5,-8
-145116,-478.9,-7.9
-145006,-480.6,-8.19
-144894,-481.4,-8.32
-144782,-480.7,-8.21
-144671,-479,-7.93
-144562,-478.5,-7.85
-144453,-478.1,-7.79
-144346,-477.6,-7.71
-144237,-480.1,-8.13
-144126,-480.4,-8.18
-144016,-479,-7.95
-143905,-481.4,-8.36
-143790,-484.5,-8.87
-143675,-483.1,-8.65
-143562,-481.2,-8.34
-143450,-481.2,-8.34
-143338,-481,-8.31
-143227,-480.1,-8.17
-143117,-479.6,-8.09
-143006,-481.5,-8.41
-142893,-482.5,-8.58
-142779,-483.1,-8.68
-142665,-483.4,-8.73
-142551,-481.9,-8.49
-142440,-480.4,-8.25
-142329,-481.1,-8.36
-142218,-479.6,-8.12
-142108,-480.1,-8.21
-141997,-482.1,-8.54
-141885,-481.2,-8.39
-141773,-481.9,-8.51
-141661,-482.3,-8.58
-141547,-483,-8.7
-141434,-482,-8.54
-141323,-480.6,-8.31
-141212,-481,-8.38
-141100,-483.2,-8.75
-140986,-482.2,-8.59
-140876,-479.3,-8.11
-140766,-480.9,-8.38
-140655,-482.2,-8.6
-140542,-482.6,-8.67
-140430,-481.2,-8.44
-140319,-480.6,-8.34
-140207,-483.5,-8.82
-140093,-484.5,-8.99
-139979,-482.4,-8.64
-139868,-481.1,-8.43
-139756,-482.5,-8.66
-139643,-483.7,-8.86
-139530,-482.7,-8.7
-139418,-480.9,-8.4
-139308,-480.9,-8.4
-139197,-481.7,-8.53
-139087,-480.3,-8.3
-138978,-480.3,-8.3
-138868,-482,-8.59
-138756,-482.5,-8.67
-138644,-482.5,-8.67
-138532,-482.8,-8.72
-138420,-482,-8.59
-138308,-484.1,-8.94
-138193,-485.9,-9.24
-138078,-483.8,-8.89
-137966,-481.5,-8.51
-137858,-477.7,-7.88
-137754,-475.7,-7.55
-137651,-475.2,-7.47
-137549,-475.1,-7.45
-137446,-476.7,-7.72
-137341,-478.3,-7.98
-137235,-478,-7.93
-137130,-477.3,-7.82
-137026,-475.4,-7.5
-136923,-476.1,-7.62
-136819,-478,-7.94
-136715,-475.4,-7.51
-136614,-474.1,-7.29
-136512,-475.6,-7.54
-136411,-474.7,-7.39
-136309,-475,-7.44
-136206,-477.2,-7.81
-136103,-475.4,-7.51
-136003,-473.2,-7.14
-135903,-474.2,-7.31
-135802,-474.3,-7.33
-135702,-473.1,-7.13
-135604,-471.8,-6.91
-135507,-471.3,-6.83
-135408,-474.1,-7.3
-135308,-475.2,-7.48
-135207,-473.9,-7.26
-135107,-473.4,-7.18
-135009,-471.6,-6.88
-134912,-471.7,-6.9
-134815,-472.1,-6.97
-134719,-468.6,-6.39
-134628,-464.7,-5.74
-134538,-464.8,-5.76
-134447,-466.8,-6.09
-134356,-465.8,-5.93
-134266,-464.7,-5.74
-134178,-462.6,-5.4
-134091,-461.9,-5.28
-134005,-459.5,-4.89
-133923,-457,-4.47
-133841,-456.9,-4.46
-133759,-456.6,-4.41
-133679,-453,-3.81
-133603,-449.5,-3.23
-133528,-449.5,-3.23
-133452,-451.6,-3.58
-133374,-453.7,-3.93
-133296,-452.5,-3.73
-133219,-451.3,-3.54
-133142,-452.2,-3.69
-133065,-453.1,-3.84
-132987,-451.7,-3.61
-132911,-450.2,-3.36
-132836,-449,-3.16
-132763,-446.6,-2.76
-132691,-445.5,-2.58
-132619,-445.5,-2.58
-132548,-445.5,-2.57
-132477,-445.2,-2.52
-132406,-444.7,-2.44
-132335,-444.6,-2.42
-132264,-445.7,-2.6
-132192,-446.8,-2.78
-132120,-446.8,-2.78
-132048,-445,-2.48
-131978,-443.5,-2.23
-131908,-443.8,-2.28
-131840,-441.3,-1.87
-131773,-438.8,-1.45
-131707,-439,-1.48
-131641,-439.2,-1.51
-131574,-440.5,-1.73
-131506,-441.8,-1.94
-131439,-439.4,-1.54
-131374,-437,-1.14
-131311,-433.1,-0.49
-131250,-429.2,0.16
-131190,-432.7,-0.42
-131128,-435,-0.79
-131066,-433.7,-0.58
-131004,-433.6,-0.56
-130942,-433.5,-0.54
-130880,-432.9,-0.43
-130819,-432.2,-0.31
-130759,-431.1,-0.13
-130699,-429.5,0.14
-130641,-428.9,0.24
-130582,-428,0.4
-130525,-427.2,0.53
-130467,-427,0.57
-130410,-426.9,0.59
-130353,-425.5,0.84
-130297,-425.4,0.88
-130241,-426.7,0.68
-130185,-423.5,1.24
-130131,-420.3,1.79
-130079,-420.3,1.81
-130026,-422.5,1.47
-129971,-424.6,1.14
-129916,-423.7,1.31
-129863,-422.1,1.6
-129809,-421.4,1.73
-129757,-420.2,1.95
-129705,-419.1,2.16
-129653,-421.5,1.78
-129600,-423.8,1.42
-129545,-429.1,0.56
-129486,-434.5,-0.31
-129428,-428.7,0.67
-129374,-419.6,2.2
-129324,-416.3,2.78
-129274,-418,2.52
-129224,-419.8,2.25
-129172,-422.5,1.83
-129119,-425.3,1.39
-129065,-425.3,1.42
-129011,-425.3,1.44
-128958,-423.9,1.7
-128906,-422.5,1.96
-128854,-421.2,2.2
-128804,-419.9,2.45
-128753,-421.8,2.16
-128702,-423.7,1.87
-128650,-422.4,2.11
-128599,-421,2.37
-128549,-419.1,2.71
-128501,-417.2,3.06
-128453,-417.2,3.08
-128405,-416.9,3.16
-128357,-416.6,3.23
-128309,-419.4,2.78
-128259,-421.2,2.5
-128210,-420.2,2.68
-128161,-420.2,2.7
-128112,-420.2,2.72
-128062,-421.7,2.49
-128012,-423.2,2.26
-127961,-424.5,2.06
-127910,-424,2.16
-127860,-422.1,2.49
-127810,-421.7,2.58
-127760,-422.7,2.43
-127710,-424.1,2.22
-127660,-423.3,2.37
-127610,-422.5,2.52
-127560,-423.3,2.4
-127510,-424.1,2.29
-127460,-423.7,2.37
-127410,-423.2,2.46
-127360,-423.4,2.44
-127310,-423.5,2.44
-127260,-424.2,2.33
-127210,-424.9,2.22
-127159,-425.5,2.13
-127108,-426.1,2.04
-127057,-426.1,2.05
-127006,-426.1,2.06
-126955,-426.1,2.07
-126904,-428.2,1.73
-126851,-430.2,1.41
-126799,-426.3,2.07
-126749,-422.3,2.74
-126700,-423.8,2.5
-126650,-427.3,1.93
-126598,-429.3,1.61
-126545,-431.5,1.26
-126491,-433.7,0.9
-126436,-433.5,0.93
-126381,-433.3,0.97
-126327,-433.1,1
-126272,-432.9,1.03
-126217,-435.9,0.53
-126160,-438.1,0.17
-126103,-437.4,0.28
-126046,-436.8,0.38
-125989,-436.3,0.47
-125933,-435.8,0.55
-125877,-435.4,0.61
-125821,-435.9,0.53
-125765,-436.4,0.45
-125708,-436.5,0.43
-125653,-434.5,0.76
-125598,-432.4,1.11
-125544,-432.6,1.07
-125490,-432.9,1.02
-125435,-434.1,0.82
-125380,-435.4,0.61
-125325,-433.5,0.92
-125271,-431.7,1.22
-125217,-433.3,0.95
-125162,-434.9,0.69
-125107,-436.2,0.47
-125050,-437.6,0.24
-124993,-438.8,0.04
-124935,-439.9,-0.14
-124877,-437.4,0.27
-124821,-435.1,0.65
-124765,-435.4,0.6
-124710,-435.4,0.6
-124654,-435.3,0.62
-124599,-435.1,0.65
-124544,-435.3,0.62
-124488,-435.5,0.58
-124432,-436,0.5
-124376,-436.6,0.4
-124320,-436,0.5
-124265,-435.4,0.6
-124209,-435.4,0.6
-124154,-435.4,0.59
-124100,-431.5,1.24
-124046,-432.5,1.07
-123991,-436.5,0.4
-123936,-435.8,0.51
-123880,-435.1,0.62
-123825,-434.5,0.72
-123770,-434.5,0.71
-123715,-436.1,0.44
-123658,-437.8,0.16
-123602,-437.2,0.25
-123545,-436.6,0.34
-123489,-437,0.27
-123432,-437.3,0.22
-123377,-434.8,0.63
-123322,-432.4,1.02
-123268,-435.3,0.54
-123211,-438.2,0.05
-123154,-439.9,-0.24
-123095,-441.5,-0.51
-123036,-440.9,-0.41
-122977,-440.3,-0.32
-122919,-438.9,-0.09
-122861,-440.1,-0.3
-122801,-442.8,-0.75
-122742,-440.6,-0.39
-122684,-438.5,-0.05
-122627,-437.1,0.18
-122571,-435.8,0.39
-122515,-436.5,0.27
-122458,-437.3,0.13
-122402,-437.3,0.13
-122345,-436.1,0.32
-122290,-435,0.5
-122234,-435.5,0.41
-122178,-436,0.32
-122122,-438,-0.01
-122064,-440.1,-0.37
-122006,-437.2,0.11
-121951,-434.3,0.59
-121896,-434.3,0.58
-121840,-436.1,0.28
-121784,-437.9,-0.03
-121727,-437.9,-0.03
-121669,-439.6,-0.32
-121610,-441.3,-0.6
-121551,-441.3,-0.6
-121492,-441.4,-0.62
-121432,-441.5,-0.64
-121373,-441.5,-0.65
-121314,-439.5,-0.32
-121256,-437.6,0
-121199,-440.4,-0.47
-121139,-443.1,-0.92
-121079,-443.1,-0.93
-121018,-442,-0.75
-120959,-441,-0.58
-120900,-441,-0.59
-120841,-440.4,-0.49
-120783,-438.9,-0.24
-120726,-438,-0.1
-120669,-437.3,0.02
-120612,-436.6,0.13
-120555,-438.2,-0.14
-120498,-439.8,-0.41
-120439,-441.1,-0.63
-120379,-442.5,-0.86
-120319,-442.5,-0.86
-120259,-442.5,-0.87
-120199,-443.8,-1.09
-120138,-445,-1.29
-120076,-443.7,-1.08
-120016,-442.4,-0.86
-119955,-444.2,-1.16
-119894,-446,-1.47
-119831,-446,-1.47
-119770,-443.6,-1.07
-119710,-441.2,-0.68
-119650,-443.1,-1
-119589,-445,-1.31
-119528,-443.6,-1.09
-119467,-443.5,-1.07
-119406,-444.7,-1.27
-119345,-445,-1.33
-119283,-445.4,-1.4
-119221,-445.4,-1.4
-119160,-442.7,-0.95
-119101,-440,-0.51
-119042,-442,-0.84
-118981,-443.9,-1.16
-118921,-443.9,-1.16
-118859,-445.7,-1.47
-118796,-447.5,-1.77
-118735,-443.1,-1.04
-118676,-438.7,-0.31
-118618,-440.2,-0.57
-118559,-441.6,-0.8
-118499,-443.5,-1.12
-118438,-445.5,-1.45
-118376,-445.5,-1.46
-118314,-443.9,-1.19
-118254,-442.3,-0.93
-118194,-442.3,-0.93
-118135,-442.3,-0.94
-118074,-444.5,-1.31
-118012,-446.6,-1.66
-117949,-447.3,-1.78
-117886,-447.9,-1.88
-117822,-447.7,-1.85
-117759,-446.6,-1.67
-117697,-445.8,-1.54
-117635,-444.1,-1.26
-117575,-442.4,-0.98
-117514,-445.5,-1.5
-117451,-448.5,-2
-117388,-446.5,-1.67
-117326,-444.6,-1.36
-117264,-446,-1.59
-117202,-447.4,-1.83
-117139,-446.2,-1.63
-117077,-445,-1.44
-117016,-445,-1.44
-116954,-446.1,-1.62
-116891,-447.3,-1.83
-116827,-449,-2.11
-116762,-450.8,-2.41
-116697,-451.5,-2.53
-116630,-452.3,-2.67
-116563,-452.3,-2.67
-116497,-452.3,-2.67
-116430,-452.5,-2.71
-116363,-452.8,-2.76
-116296,-453.2,-2.83
-116228,-453.5,-2.88
-116161,-453.4,-2.86
-116093,-454,-2.97
-116025,-454.7,-3.08
-115956,-456.2,-3.34
-115886,-457.6,-3.57
-115816,-454.8,-3.11
-115749,-452,-2.64
-115683,-451.5,-2.56
-115617,-450.9,-2.47
-115551,-450.9,-2.47
-115486,-450.9,-2.47
-115420,-450.9,-2.47
-115355,-450.9,-2.47
-115289,-450.9,-2.48
-115222,-456.5,-3.41
-115150,-462,-4.32
-115077,-459.4,-3.89
-115006,-456.7,-3.45
-114935,-458.5,-3.75
-114863,-460.4,-4.06
-114790,-462,-4.33
-114715,-463.6,-4.6
-114639,-464.7,-4.78
-114562,-465.7,-4.95
-114486,-463.5,-4.59
-114411,-461.4,-4.24
-114338,-461.8,-4.31
-114264,-462.3,-4.39
-114189,-462.1,-4.36
-114115,-461.9,-4.33
-114041,-462.6,-4.45
-113966,-463.3,-4.57
-113891,-463.3,-4.57
-113815,-466.5,-5.1
-113736,-469.6,-5.62
-113656,-467.5,-5.27
-113578,-465.5,-4.94
-113501,-465.2,-4.89
-113425,-464.9,-4.85
-113348,-465,-4.86
-113272,-465.7,-4.98
-113195,-465.7,-4.98
-113116,-468.2,-5.4
-113036,-470.6,-5.8
-112954,-471.4,-5.93
-112872,-472.2,-6.06
-112790,-471,-5.86
-112708,-469.8,-5.67
-112628,-470,-5.7
-112547,-470.7,-5.82
-112465,-471.4,-5.93
-112383,-471.4,-5.94
-112301,-471.4,-5.94
-112219,-471.4,-5.94
-112137,-471.4,-5.94
-112055,-471.4,-5.94
-111973,-472.7,-6.16
-111889,-474,-6.37
-111805,-474,-6.37
-111721,-471.9,-6.02
-111640,-469.8,-5.68
-111560,-469.8,-5.68
-111480,-469.8,-5.68
-111399,-469.8,-5.68
-111319,-469.8,-5.68
-111239,-469.8,-5.68
-111159,-469.8,-5.68
-111078,-471,-5.88
-110996,-472.2,-6.08
-110913,-473.2,-6.25
-110829,-474.2,-6.42
-110746,-471.7,-6
-110666,-469.1,-5.57
-110586,-469.1,-5.57
-110507,-469.1,-5.57
-110427,-469.1,-5.57
-110348,-469.1,-5.58
-110269,-469.1,-5.58
-110189,-469.1,-5.58
-110110,-469.1,-5.58
-110031,-468.8,-5.53
-109952,-468.4,-5.47
-109872,-470.9,-5.88
-109790,-473.4,-6.3
-109707,-472.8,-6.2
-109625,-472.1,-6.09
-109543,-472.1,-6.09
-109461,-472.1,-6.09
-109378,-474.2,-6.44
-109292,-476.4,-6.81
-109206,-476.4,-6.81
-109121,-474.7,-6.53
-109037,-473.1,-6.27
-108954,-473.1,-6.27
-108872,-473.1,-6.28
-108789,-473.1,-6.28
-108706,-473.1,-6.28
-108622,-474,-6.43
-108538,-474.8,-6.57
-108454,-475.2,-6.64
-108369,-475.6,-6.71
-108283,-475.6,-6.71
-108198,-476.3,-6.83
-108111,-477,-6.95
-108025,-477,-6.95
-107938,-476.7,-6.9
-107852,-476.4,-6.85
-107767,-475.3,-6.67
-107683,-474.1,-6.48
-107599,-474.1,-6.48
-107515,-474.1,-6.48
-107431,-474.1,-6.48
-107349,-470.7,-5.92
-107270,-467.3,-5.36
-107194,-464.4,-4.88
-107121,-461.5,-4.4
-107048,-461.5,-4.4
-106976,-461.5,-4.4
-106902,-463.5,-4.73
-106828,-465.5,-5.07
-106752,-464.1,-4.84
-106678,-462.7,-4.6
-106606,-461,-4.32
-106535,-459.3,-4.04
-106463,-460.6,-4.26
-106391,-461.9,-4.48
-106319,-460.5,-4.25
-106248,-459.1,-4.02
-106179,-455.2,-3.37
-106114,-451.2,-2.71
-106048,-454.2,-3.21
-105980,-457.2,-3.71
-105911,-457.9,-3.82
-105842,-458.5,-3.92
-105772,-458.5,-3.93
-105702,-458.5,-3.93
-105631,-460.9,-4.33
-105559,-463.2,-4.71
-105485,-462,-4.51
-105413,-460.7,-4.29
-105342,-460.2,-4.2
-105271,-459.6,-4.1
-105200,-460.7,-4.28
-105128,-461.9,-4.48
-105055,-463,-4.66
-104982,-464.2,-4.85
-104908,-462.2,-4.52
-104837,-460.1,-4.17
-104766,-460.1,-4.17
-104695,-460.6,-4.25
-104623,-461.1,-4.33
-104552,-461.1,-4.33
-104480,-461.1,-4.32
-104409,-461.4,-4.37
-104337,-461.6,-4.4
-104266,-460.5,-4.22
-104195,-459.5,-4.05
-104125,-459.9,-4.11
-104054,-460.2,-4.16
-103984,-460.7,-4.24
-103912,-461.1,-4.3
-103841,-462,-4.45
-103769,-462.3,-4.5
-103697,-461.8,-4.41
-103625,-461.8,-4.41
-103553,-462.1,-4.46
-103481,-462.5,-4.52
-103410,-459.6,-4.04
-103341,-456.7,-3.55
-103273,-457.4,-3.67
-103205,-458.1,-3.78
-103137,-454.6,-3.19
-103073,-451.1,-2.61
-103008,-454,-3.09
-102942,-456.8,-3.55
-102876,-453.1,-2.93
-102812,-449.5,-2.33
-102749,-452.5,-2.82
-102684,-455.5,-3.32
-102618,-454.1,-3.08
-102553,-452.7,-2.85
-102489,-450.5,-2.48
-102427,-448.3,-2.11
-102366,-449.2,-2.26
-102304,-450.2,-2.42
-102241,-451.5,-2.63
-102177,-452.9,-2.86
-102114,-450.3,-2.42
-102052,-447.6,-1.97
-101991,-448.4,-2.1
-101930,-449.2,-2.23
-101868,-450,-2.36
-101806,-450.8,-2.49
-101743,-450.1,-2.37
-101681,-449.5,-2.27
-101618,-452.8,-2.81
-101554,-453.7,-2.96
-101490,-451.4,-2.58
-101427,-452,-2.67
-101363,-452.6,-2.77
-101299,-453.9,-2.99
-101234,-455.1,-3.18
-101168,-455.1,-3.18
-101102,-455.8,-3.29
-101036,-456.5,-3.41
-100969,-457.2,-3.52
-100902,-457.9,-3.64
-100835,-456.6,-3.42
-100768,-457.3,-3.53
-100700,-457.8,-3.61
-100633,-458.2,-3.68
-100565,-458.2,-3.68
-100498,-456.5,-3.39
-100432,-454.8,-3.11
-100367,-454.8,-3.11
-100301,-457.7,-3.59
-100232,-460.7,-4.08
-100163,-459.2,-3.83
-100095,-458.1,-3.65
-100028,-456.9,-3.45
-99961,-457.2,-3.49
-99894,-457.2,-3.49
-99828,-457.2,-3.49
-99760,-459.6,-3.89
-99691,-460.8,-4.08
-99622,-459.8,-3.92
-99553,-460,-3.95
-99484,-460.4,-4.01
-99414,-460.5,-4.03
-99345,-460.8,-4.07
-99275,-461.1,-4.12
-99205,-462.5,-4.35
-99134,-463.9,-4.58
-99063,-461.4,-4.17
-98994,-459.2,-3.8
-98925,-460.4,-4
-98855,-463.8,-4.56
-98783,-462.8,-4.39
-98712,-465,-4.75
-98640,-461.2,-4.12
-98572,-457.5,-3.51
-98505,-457.5,-3.51
-98439,-457.5,-3.5
-98371,-460.1,-3.93
-98300,-465.6,-4.84
-98228,-463.6,-4.51
-98157,-462.8,-4.38
-98085,-465.8,-4.87
-98010,-468.9,-5.38
-97936,-465.5,-4.82
-97864,-462,-4.24
-97794,-461.2,-4.1
-97727,-456.7,-3.36
-97659,-461.3,-4.12
-97588,-465.9,-4.88
-97514,-466.5,-4.98
-97439,-469.4,-5.46
-97365,-464,-4.57
-97294,-462.7,-4.35
-97222,-466,-4.9
-97148,-468.1,-5.24
-97075,-463.1,-4.42
-97004,-463.7,-4.51
-96933,-463.7,-4.51
-96861,-463.7,-4.51
-96791,-461.8,-4.2
-96722,-459.9,-3.88
-96652,-462.7,-4.35
-96582,-462.3,-4.28
-96511,-462.7,-4.35
-96441,-462,-4.23
-96372,-459.8,-3.87
-96304,-459.4,-3.8
-96237,-457.6,-3.5
-96170,-457.6,-3.5
-96103,-460.3,-3.95
-96033,-462.4,-4.3
-95964,-460.6,-4
-95895,-458.8,-3.7
-95828,-458.8,-3.7
-95761,-458.8,-3.7
-95693,-459.7,-3.85
-95624,-460.6,-4
-95556,-460.6,-4
-95487,-460.6,-4
-95418,-459.9,-3.89
-95351,-456.9,-3.39
-95284,-458.4,-3.64
-95214,-466,-4.9
-95141,-465.2,-4.77
-95070,-462.9,-4.39
-95000,-460.3,-3.96
-94932,-459.3,-3.8
-94864,-459.7,-3.87
-94795,-460.8,-4.05
-94725,-463.2,-4.45
-94655,-462.6,-4.35
-94585,-461.4,-4.15
-94517,-457.5,-3.51
-94450,-458.4,-3.66
-94382,-461.2,-4.12
-94311,-465.5,-4.84
-94238,-466.3,-4.97
-94164,-466.3,-4.97
-94093,-459.7,-3.88
-94026,-455.9,-3.25
-93961,-457.1,-3.45
-93895,-456,-3.27
-93829,-457.1,-3.45
-93761,-462,-4.27
-93690,-464.5,-4.68
-93615,-470.1,-5.61
-93540,-465.9,-4.92
-93468,-463,-4.44
-93397,-464.5,-4.69
-93325,-463.2,-4.48
-93254,-464.5,-4.7
-93180,-467.2,-5.15
-93107,-464,-4.62
-93037,-461.1,-4.14
-92967,-460.6,-4.06
-92897,-463,-4.46
-92827,-461.9,-4.28
-92759,-456.1,-3.32
-92690,-463.7,-4.58
-92617,-468.9,-5.45
-92542,-464.8,-4.77
-92470,-465.8,-4.94
-92398,-460.9,-4.12
-92329,-460.1,-3.99
-92259,-463.4,-4.54
-92187,-464.4,-4.71
-92114,-466.7,-5.1
-92040,-465.1,-4.83
-91968,-463.6,-4.59
-91896,-465.2,-4.85
-91823,-463.7,-4.61
-91753,-459.1,-3.85
-91685,-460.7,-4.12
-91615,-460.2,-4.05
-91547,-457.5,-3.61
-91480,-457,-3.53
-91411,-464.2,-4.73
-91336,-470.7,-5.81
-91258,-470.1,-5.72
-91182,-467,-5.21
-91107,-466.8,-5.19
-91033,-465.6,-4.99
-90959,-465.7,-5.02
-90885,-464.3,-4.79
-90812,-465.5,-5
-90740,-460.4,-4.16
-90668,-466.1,-5.11
-90594,-466.5,-5.18
-90517,-470,-5.77
-90440,-469.7,-5.73
-90362,-468.8,-5.58
-90286,-467.3,-5.34
-90209,-470.9,-5.94
-90128,-475.3,-6.68
-90048,-468.8,-5.61
-89973,-463.2,-4.69
-89900,-465.4,-5.06
-89825,-467.5,-5.41
-89748,-467.5,-5.42
-89672,-467.5,-5.43
-89597,-465.5,-5.1
-89523,-463,-4.69
-89450,-466.2,-5.23
-89373,-469.4,-5.76
-89296,-466.8,-5.34
-89221,-464.2,-4.91
-89148,-462.6,-4.65
-89077,-459.3,-4.11
-89008,-459.2,-4.1
-88938,-459.1,-4.09
-88866,-463.7,-4.86
-88793,-464.1,-4.93
-88719,-464.9,-5.07
-88644,-464.6,-5.03
-88570,-464.8,-5.07
-88495,-465,-5.1
-88420,-465,-5.11
-88345,-465,-5.12
-88271,-465,-5.12
-88196,-465,-5.13
-88122,-462.9,-4.79
-88049,-460.7,-4.43
-87978,-460.7,-4.43
-87907,-459.3,-4.21
-87837,-458.8,-4.13
-87766,-459.7,-4.28
-87695,-461.3,-4.55
-87624,-456.8,-3.8
-87554,-460.1,-4.35
-87482,-463,-4.83
-87410,-458.9,-4.15
-87342,-454.7,-3.46
-87274,-457.1,-3.86
-87203,-460.3,-4.39
-87132,-460.9,-4.49
-87060,-460.4,-4.4
-86989,-459,-4.17
-86919,-458.7,-4.12
-86848,-458.8,-4.14
-86777,-460.1,-4.35
-86707,-457.9,-3.99
-86635,-463.2,-4.87
-86562,-460,-4.34
-86492,-457.4,-3.91
-86423,-456.6,-3.78
-86355,-455.8,-3.64
-86286,-456.5,-3.76
-86218,-455.7,-3.63
-86150,-454.2,-3.38
-86083,-454.2,-3.38
-86016,-454.2,-3.38
-85949,-455,-3.51
-85881,-455.1,-3.53
-85814,-454.5,-3.42
-85746,-455.2,-3.53
-85680,-452,-3
-85615,-450.3,-2.71
-85551,-448.1,-2.34
-85489,-448.9,-2.47
-85425,-450,-2.64
-85361,-450.3,-2.69
-85296,-453.6,-3.23
-85229,-453,-3.12
-85164,-451.8,-2.92
-85100,-449.2,-2.48
-85036,-450.2,-2.64
-84971,-451.9,-2.92
-84905,-454.2,-3.29
-84838,-455.4,-3.49
-84770,-455.1,-3.43
-84703,-452.7,-3.03
-84638,-450.5,-2.65
-84576,-444.4,-1.64
-84515,-449.8,-2.53
-84448,-457.3,-3.76
-84378,-458.8,-4.01
-84308,-458.3,-3.92
-84238,-458.3,-3.91
-84168,-458.3,-3.91
-84097,-460.5,-4.27
-84025,-462.8,-4.64
-83952,-460.9,-4.32
-83881,-456.2,-3.54
-83814,-454.2,-3.2
-83747,-454.4,-3.23
-83679,-457.3,-3.71
-83608,-461.4,-4.39
-83538,-454.7,-3.27
-83470,-456.8,-3.62
-83401,-457.3,-3.7
-83331,-458.8,-3.94
-83261,-458.8,-3.94
-83190,-458.7,-3.92
-83121,-456,-3.46
-83055,-450.7,-2.58
-82990,-453.1,-2.98
-82925,-449.8,-2.42
-82860,-453.9,-3.1
-82792,-458,-3.78
-82721,-461,-4.27
-82647,-463.9,-4.75
-82573,-462.6,-4.53
-82500,-461.3,-4.31
-82427,-463,-4.59
-82352,-464.6,-4.85
-82280,-457.4,-3.65
-82213,-450.7,-2.54
-82148,-453.6,-3.01
-82080,-456.9,-3.56
-82012,-456.4,-3.48
-81942,-458.5,-3.83
-81872,-457.9,-3.73
-81802,-458,-3.74
-81732,-458.4,-3.81
-81662,-458.3,-3.79
-81592,-458.3,-3.79
-81523,-455.5,-3.33
-81453,-458.9,-3.89
-81381,-462.3,-4.45
-81309,-458.8,-3.87
-81240,-455.3,-3.29
-81170,-459.8,-4.04
-81096,-466.8,-5.2
-81019,-465.2,-4.93
-80943,-463.6,-4.67
-80869,-462.6,-4.5
-80794,-464.1,-4.75
-80719,-464.1,-4.75
-80645,-462,-4.4
-80572,-461.1,-4.25
-80498,-462.3,-4.45
-80422,-468.1,-5.41
-80341,-474,-6.39
-80257,-472.3,-6.11
-80173,-473.9,-6.38
-80093,-464.8,-4.87
-80020,-457.5,-3.66
-79947,-465.3,-4.95
-79870,-468.1,-5.41
-79791,-467.3,-5.28
-79714,-465.2,-4.93
-79636,-467,-5.23
-79557,-468.6,-5.5
-79478,-468.2,-5.43
-79402,-461.6,-4.33
-79327,-464.2,-4.76
-79251,-465.6,-5
-79174,-464.4,-4.8
-79098,-464.4,-4.8
-79020,-471.1,-5.91
-78937,-473.1,-6.24
-78854,-470.9,-5.87
-78772,-470.3,-5.78
-78690,-472,-6.06
-78606,-473.6,-6.32
-78522,-472.4,-6.12
-78437,-476.4,-6.79
-78353,-469.9,-5.71
-78277,-458.5,-3.82
-78200,-472,-6.06
-78113,-479.4,-7.28
-78025,-475.4,-6.62
-77938,-474.8,-6.52
-77853,-474.4,-6.45
-77769,-470.5,-5.81
-77687,-470.2,-5.76
-77606,-470.5,-5.81
-77521,-475.2,-6.59
-77433,-478.5,-7.14
-77345,-475.9,-6.71
-77259,-473.6,-6.33
-77175,-471,-5.9
-77094,-468.1,-5.42
-77014,-468.4,-5.47
-76933,-468.6,-5.5
-76854,-466.1,-5.09
-76777,-463.6,-4.67
-76700,-465.1,-4.92
-76622,-466.9,-5.22
-76543,-466.5,-5.16
-76465,-466,-5.08
-76388,-464.3,-4.8
-76313,-459.8,-4.05
-76239,-461.7,-4.37
-76162,-466.9,-5.23
-76084,-464.5,-4.83
-76007,-465.5,-5
-75928,-468,-5.41
-75850,-461.6,-4.35
-75776,-461.8,-4.39
-75701,-462.6,-4.53
-75625,-463.4,-4.66
-75547,-466.2,-5.13
-75468,-467.9,-5.41
-75388,-467.3,-5.32
-75308,-466.1,-5.12
-75229,-467.9,-5.42
-75147,-469.7,-5.72
-75066,-467.8,-5.41
-74985,-469,-5.61
-74903,-469.4,-5.68
-74821,-470.4,-5.85
-74738,-470.5,-5.87
-74651,-476.8,-6.92
-74565,-471.4,-6.03
-74484,-463.6,-4.74
-74405,-468.9,-5.62
-74322,-470.6,-5.91
-74238,-473,-6.31
-74150,-478.2,-7.17
-74060,-474.5,-6.56
-73973,-473.8,-6.45
-73885,-476.2,-6.85
-73795,-477.8,-7.12
-73706,-474.7,-6.61
-73620,-471.6,-6.1
-73533,-476.8,-6.96
-73440,-481.9,-7.81
-73347,-477.6,-7.1
-73258,-473.6,-6.44
-73172,-472.8,-6.31
-73087,-470.9,-6
-73003,-469.5,-5.77
-72922,-466.6,-5.29
-72840,-470.7,-5.97
-72753,-474.7,-6.64
-72666,-473.2,-6.39
-72578,-476.2,-6.89
-72489,-474,-6.53
-72403,-472.5,-6.28
-72318,-469.7,-5.82
-72235,-469.6,-5.81
-72152,-468.9,-5.69
-72070,-467,-5.38
-71989,-468,-5.55
-71905,-471.5,-6.13
-71822,-466.8,-5.36
-71743,-463.5,-4.81
-71664,-465.8,-5.2
-71584,-466.4,-5.3
-71506,-462.2,-4.6
-71427,-465.5,-5.15
-71347,-467.2,-5.44
-71264,-470.5,-5.99
-71180,-470.1,-5.93
-71096,-469,-5.75
-71013,-468.7,-5.7
-70931,-468.4,-5.66
-70848,-468.4,-5.66
-70766,-468.4,-5.67
-70683,-468.4,-5.67
-70600,-468.4,-5.67
-70515,-473.5,-6.52
-70425,-477.9,-7.26
-70334,-476.8,-7.08
-70243,-476.6,-7.05
-70149,-480.6,-7.72
-70054,-481.3,-7.84
-69959,-478.1,-7.31
-69869,-474.7,-6.75
-69780,-473.5,-6.55
-69691,-476,-6.97
-69599,-478.1,-7.33
-69506,-479.4,-7.54
-69413,-475.6,-6.92
-69324,-474.2,-6.69
-69238,-468.5,-5.75
-69155,-467.7,-5.62
-69071,-470.7,-6.12
-68987,-468.8,-5.81
-68902,-472.1,-6.36
-68811,-479.5,-7.59
-68715,-483.1,-8.2
-68617,-481.5,-7.94
-68520,-481.9,-8.01
-68424,-478.5,-7.45
-68330,-479.7,-7.65
-68233,-483.4,-8.27
-68136,-480.5,-7.8
-68041,-479,-7.55
-67945,-481,-7.89
-67848,-481.9,-8.04
-67750,-482.5,-8.15
-67653,-480.7,-7.86
-67557,-479.8,-7.71
-67462,-480.3,-7.8
-67367,-478.6,-7.52
-67272,-479.2,-7.63
-67178,-478.2,-7.47
-67085,-476.7,-7.22
-66992,-478,-7.44
-66898,-479.7,-7.73
-66803,-478.5,-7.54
-66708,-479.8,-7.76
-66613,-479.6,-7.73
-66520,-475.6,-7.07
-66429,-474.4,-6.88
-66338,-477.1,-7.33
-66243,-481.5,-8.06
-66144,-483,-8.31
-66045,-482.4,-8.21
-65949,-477.5,-7.4
-65855,-479.6,-7.75
-65756,-486.2,-8.85
-65655,-482,-8.15
-65559,-479.3,-7.71
-65464,-478,-7.49
-65371,-476.5,-7.25
-65278,-479.6,-7.76
-65182,-480.7,-7.95
-65085,-480.9,-7.98
-64987,-482,-8.17
-64890,-480.5,-7.92
-64793,-480.8,-7.97
-64698,-477.9,-7.49
-64605,-477.5,-7.43
-64510,-480.4,-7.91
-64416,-477.3,-7.4
-64322,-478.2,-7.55
-64228,-479.1,-7.7
-64134,-476.5,-7.27
-64043,-474.5,-6.94
-63954,-473.6,-6.79
-63865,-473.8,-6.82
-63776,-473.8,-6.83
-63688,-471.3,-6.41
-63600,-472.8,-6.66
-63512,-473.9,-6.84
-63424,-470.4,-6.26
-63338,-471.4,-6.43
-63249,-475.5,-7.11
-63157,-477.9,-7.51
-63064,-477.9,-7.51
-62970,-477.9,-7.51
-62877,-477.9,-7.51
-62783,-478.1,-7.54
-62689,-478.9,-7.67
-62594,-481,-8.02
-62497,-481.4,-8.09
-62401,-478.7,-7.64
-62307,-479.2,-7.72
-62213,-477.5,-7.44
-62121,-475.1,-7.05
-62031,-475.4,-7.1
-61941,-474.8,-7
-61852,-472.4,-6.6
-61765,-471.8,-6.5
-61677,-474,-6.86
-61586,-476.4,-7.26
-61496,-474.8,-7
-61406,-474,-6.86
-61317,-474.1,-6.88
-61229,-472,-6.53
-61141,-473.7,-6.81
-61052,-474.7,-6.98
-60961,-477.7,-7.48
-60869,-476.7,-7.31
-60779,-472.5,-6.61
-60692,-472.3,-6.58
-60605,-472,-6.53
-60519,-470.5,-6.28
-60433,-470.6,-6.3
-60348,-471.5,-6.45
-60262,-470,-6.2
-60177,-469.5,-6.11
-60093,-469.7,-6.15
-60007,-472,-6.53
-59921,-471.8,-6.49
-59836,-467.7,-5.81
-59755,-466,-5.53
-59674,-466,-5.53
-59593,-466,-5.53
-59511,-468,-5.86
-59428,-469,-6.03
-59345,-467.9,-5.85
-59262,-468,-5.86
-59178,-470.7,-6.31
-59093,-471.3,-6.41
-59008,-469.1,-6.04
-58925,-467.9,-5.85
-58842,-468.4,-5.93
-58759,-469.2,-6.06
-58676,-468,-5.86
-58594,-466.8,-5.66
-58514,-464.1,-5.21
-58436,-462.4,-4.93
-58360,-458.1,-4.22
-58286,-458.4,-4.27
-58211,-462.6,-4.96
-58133,-462.2,-4.9
-58057,-460.5,-4.62
-57981,-460.7,-4.65
-57905,-462.7,-4.98
-57828,-460.7,-4.65
-57750,-465.9,-5.51
-57669,-467.5,-5.78
-57590,-462,-4.86
-57513,-461.9,-4.85
-57436,-461.9,-4.85
-57362,-457.1,-4.05
-57289,-456.9,-4.01
-57215,-461.2,-4.73
-57139,-460.1,-4.54
-57065,-457.9,-4.18
-56993,-454.9,-3.68
-56922,-455.1,-3.71
-56850,-459.7,-4.47
-56774,-462.2,-4.88
-56698,-459.4,-4.42
-56624,-459,-4.35
-56548,-463.5,-5.1
-56471,-463.5,-5.09
-56394,-461.5,-4.76
-56317,-463.6,-5.11
-56239,-462.5,-4.92
-56163,-461.2,-4.71
-56087,-462.7,-4.95
-56009,-463.5,-5.09
-55933,-461.8,-4.8
-55855,-464.4,-5.23
-55775,-467.9,-5.81
-55694,-466.3,-5.54
-55615,-465.6,-5.43
-55536,-464.3,-5.21
-55457,-465.6,-5.42
-55377,-467,-5.65
-55297,-465.1,-5.34
-55218,-466.6,-5.58
-55136,-470.1,-6.16
-55052,-471,-6.31
-54967,-473.4,-6.71
-54881,-471.3,-6.36
-54797,-470.9,-6.29
-54713,-471.3,-6.35
-54629,-470.2,-6.17
-54544,-474,-6.8
-54457,-472.4,-6.53
-54372,-471.6,-6.4
-54286,-475,-6.96
-54198,-475.6,-7.06
-54111,-472.85,-6.6
-54026,-470.1,-6.14
-53942,-472.2,-6.49
-53858,-470.6,-6.22
-53775,-469.5,-6.04
-53692,-472.6,-6.55
-53606,-473.2,-6.65
-53520,-473.2,-6.65
-53436,-469.6,-6.05
-53355,-466.6,-5.55
-53275,-467.2,-5.65
-53193,-471.5,-6.36
-53107,-475.8,-7.07
-53019,-476.5,-7.18
-52931,-475,-6.93
-52846,-470,-6.1
-52763,-470.3,-6.15
-52679,-473.7,-6.71
-52594,-470.8,-6.23
-52511,-470.2,-6.13
-52430,-467,-5.6
-52352,-463.6,-5.03
-52275,-466.7,-5.55
-52195,-468.5,-5.84
-52114,-468.3,-5.81
-52034,-466.8,-5.56
-51955,-466.8,-5.56
-51874,-469.6,-6.02
-51794,-467,-5.59
-51715,-466.3,-5.47
-51633,-472.1,-6.43
-51549,-473.1,-6.6
-51465,-470.8,-6.21
-51384,-467.1,-5.6
-51306,-465.8,-5.38
-51230,-459.5,-4.34
-51159,-456.1,-3.77
-51086,-463,-4.91
-51009,-468,-5.74
-50928,-468.9,-5.89
-50847,-470,-6.07
-50766,-467.9,-5.72
-50688,-464.7,-5.19
-50610,-467,-5.57
-50531,-467.5,-5.65
-50452,-466.8,-5.54
-50374,-466.8,-5.54
-50295,-465.8,-5.37
-50217,-467.8,-5.7
-50138,-466.3,-5.45
-50061,-463.8,-5.03
-49985,-464.7,-5.18
-49907,-467.2,-5.6
-49828,-467.1,-5.58
-49750,-465.4,-5.3
-49672,-468.3,-5.78
-49591,-470.1,-6.07
-49510,-469.5,-5.97
-49430,-469,-5.89
-49350,-466.7,-5.51
-49272,-466.7,-5.51
-49193,-469,-5.89
-49113,-468.3,-5.77
-49034,-468.2,-5.76
-48953,-471.1,-6.24
-48870,-472,-6.39
-48787,-472.5,-6.48
-48704,-471.8,-6.36
-48622,-471.2,-6.26
-48541,-468.6,-5.83
-48461,-468.4,-5.8
-48381,-469.9,-6.05
-48300,-469.7,-6.02
-48218,-472.5,-6.49
-48134,-473.5,-6.65
-48050,-472.3,-6.46
-47966,-474.7,-6.85
-47881,-474,-6.74
-47798,-471.2,-6.28
-47716,-471.7,-6.36
-47631,-475.5,-6.99
-47546,-474.2,-6.78
-47462,-472.8,-6.55
-47378,-473.9,-6.73
-47295,-470.5,-6.17
-47214,-469,-5.92
-47133,-471.2,-6.29
-47050,-473.5,-6.67
-46966,-475,-6.92
-46881,-473.7,-6.71
-46797,-472.3,-6.48
-46713,-474.9,-6.91
-46628,-474.8,-6.9
-46543,-474.1,-6.78
-46457,-476.3,-7.15
-46370,-478.5,-7.51
-46281,-478.2,-7.47
-46193,-477.7,-7.38
-46104,-477.7,-7.39
-46018,-475.5,-7.02
-45932,-475.4,-7.01
-45846,-474.9,-6.93
-45762,-472.6,-6.55
-45677,-477.6,-7.38
-45587,-481,-7.94
-45497,-479.2,-7.64
-45407,-480.8,-7.91
-45315,-482.3,-8.16
-45225,-477.7,-7.4
-45139,-473.4,-6.69
-45055,-473.6,-6.72
-44972,-473.3,-6.68
-44887,-475.5,-7.04
-44800,-477.9,-7.44
-44715,-472.5,-6.55
-44634,-470.1,-6.15
-44551,-476,-7.13
-44463,-478.3,-7.51
-44377,-475,-6.97
-44292,-474.8,-6.94
-44206,-476.8,-7.27
-44120,-475.1,-6.99
-44036,-473.5,-6.72
-43952,-474.4,-6.88
-43868,-474.8,-6.94
-43785,-472,-6.48
-43702,-472.7,-6.6
-43619,-473.2,-6.68
-43540,-465.9,-5.47
-43464,-465.6,-5.42
-43385,-471.8,-6.45
-43304,-469.3,-6.04
-43226,-466,-5.5
-43150,-466.2,-5.53
-43073,-467.8,-5.8
-42994,-468.6,-5.93
-42916,-468.3,-5.88
-42837,-468.7,-5.95
-42758,-469.8,-6.13
-42679,-467.1,-5.69
-42603,-465.5,-5.43
-42527,-465.9,-5.49
-42451,-465.3,-5.4
-42374,-467.1,-5.7
-42298,-464.7,-5.3
-42225,-460.8,-4.65
-42152,-462.8,-4.99
-42077,-467,-5.69
-42001,-464.5,-5.27
-41927,-460.9,-4.68
-41855,-461.7,-4.81
-41782,-463.3,-5.08
-41710,-460,-4.53
-41638,-461.6,-4.8
-41564,-465.7,-5.48
-41489,-463.3,-5.09
-41415,-462.9,-5.02
-41342,-463.4,-5.11
-41268,-463.9,-5.19
-41191,-468.1,-5.89
-41112,-472.3,-6.59
-41031,-471,-6.37
-40952,-467.2,-5.74
-40875,-467.2,-5.74
-40796,-471.5,-6.46
-40714,-472.8,-6.67
-40632,-472.1,-6.56
-40551,-473,-6.71
-40468,-474.2,-6.91
-40386,-471.8,-6.51
-40305,-470.6,-6.31
-40223,-475.2,-7.07
-40138,-476,-7.21
-40054,-474.2,-6.91
-39971,-474.5,-6.96
-39889,-470.2,-6.24
-39812,-465.6,-5.48
-39735,-468.2,-5.91
-39657,-469.5,-6.13
-39579,-469.5,-6.13
-39499,-470.2,-6.24
-39420,-470.2,-6.24
-39341,-469.7,-6.16
-39263,-468.3,-5.93
-39185,-468.3,-5.93
-39107,-470,-6.21
-39027,-472.1,-6.56
-38946,-472.35,-6.6
-38865,-472.6,-6.64
-38783,-472.85,-6.69
-38702,-473.1,-6.73
-38619,-474.4,-6.94
-38535,-475.8,-7.18
-38451,-475.8,-7.18
-38367,-475.3,-7.09
-38284,-474.5,-6.96
-38201,-473.5,-6.8
-38120,-472.7,-6.66
-38039,-471.3,-6.43
-37959,-470.5,-6.3
-37880,-471.4,-6.45
-37799,-472.3,-6.6
-37718,-474,-6.88
-37637,-471,-6.38
-37558,-468.5,-5.97
-37479,-473.5,-6.8
-37396,-475.9,-7.2
-37313,-474.5,-6.97
-37230,-474.1,-6.9
-37148,-474.1,-6.9
-37066,-473.25,-6.76
-36985,-472.4,-6.62
-36905,-470.6,-6.32
-36827,-468.8,-6.02
-36748,-472.6,-6.65
-36666,-474.5,-6.97
-36585,-472.7,-6.67
-36502,-476.5,-7.3
-36416,-478.9,-7.7
-36331,-476,-7.22
-36248,-474.9,-7.03
-36166,-472.9,-6.7
-36086,-471.1,-6.4
-36007,-470,-6.22
-35930,-467.3,-5.77
-35855,-467,-5.72
-35780,-466.4,-5.62
-35705,-465.1,-5.41
-35631,-466.6,-5.65
-35556,-466,-5.55
-35482,-464.9,-5.37
-35409,-464.1,-5.24
-35336,-465,-5.39
-35261,-467.6,-5.82
-35185,-468.1,-5.9
-35108,-468.6,-5.98
-35033,-465.8,-5.52
-34960,-463,-5.05
-34889,-461.6,-4.82
-34818,-463.5,-5.14
-34744,-466.9,-5.7
-34669,-467.9,-5.87
-34592,-469.6,-6.15
-34515,-468.8,-6.01
-34438,-469.2,-6.08
-34360,-472.3,-6.59
-34281,-470.2,-6.25
-34202,-473.3,-6.76
-34121,-474,-6.88
-34041,-471.9,-6.53
-33960,-475.8,-7.17
-33877,-476.9,-7.36
-33793,-475.8,-7.17
-33711,-475.5,-7.12
-33628,-476.6,-7.31
-33544,-478,-7.54
-33459,-477.4,-7.44
-33376,-475.2,-7.07
-33293,-476.8,-7.34
-33209,-478.4,-7.6
-33124,-478.4,-7.6
-33039,-478.3,-7.59
-32955,-476.5,-7.29
-32871,-477.6,-7.47
-32787,-477.6,-7.47
-32705,-473,-6.71
-32626,-472.5,-6.62
-32546,-474.7,-6.99
-32463,-477.7,-7.49
-32380,-475.2,-7.07
-32300,-472.4,-6.61
-32219,-476.4,-7.27
-32137,-475.3,-7.09
-32056,-473.5,-6.79
-31976,-473.2,-6.74
-31896,-473.4,-6.77
-31815,-475.6,-7.14
-31733,-477.2,-7.4
-31648,-480.4,-7.93
-31560,-482,-8.2
-31473,-481,-8.03
-31387,-479.4,-7.77
-31302,-478.7,-7.65
-31216,-479.9,-7.85
-31130,-481.1,-8.05
-31043,-480.8,-8
-30957,-480.5,-7.95
-30871,-478.6,-7.63
-30788,-476.6,-7.3
-30705,-477.27,-7.41
-30622,-477.95,-7.52
-30538,-478.63,-7.64
-30453,-479.3,-7.75
-30368,-479.8,-7.83
-30283,-478.5,-7.62
-30201,-474.9,-7.02
-30120,-475.6,-7.14
-30036,-480.5,-7.95
-29949,-482.6,-8.3
-29861,-483.4,-8.43
-29771,-484.3,-8.58
-29682,-482.8,-8.33
-29594,-483,-8.37
-29505,-482.9,-8.35
-29418,-481.1,-8.05
-29332,-479.48,-7.79
-29249,-477.86,-7.52
-29166,-476.24,-7.25
-29085,-474.62,-6.98
-29006,-473,-6.71
-28927,-473,-6.71
-28848,-475.12,-7.07
-28766,-477.23,-7.42
-28683,-479.35,-7.77
-28597,-481.47,-8.12
-28510,-483.58,-8.47
-28420,-485.7,-8.82
-28331,-481.7,-8.16
-28247,-477.6,-7.49
-28163,-478.85,-7.69
-28079,-480.1,-7.9
-27993,-481.2,-8.09
-27907,-482.3,-8.27
-27819,-483.8,-8.52
-27730,-484.6,-8.66
-27641,-482.3,-8.28
-27555,-479.6,-7.84
-27470,-481.4,-8.14
-27382,-484.3,-8.62
-27293,-485.5,-8.82
-27202,-486.7,-9.02
-27110,-486.7,-9.02
-27019,-484.4,-8.64
-26933,-479.9,-7.9
-26849,-477.8,-7.56
-26766,-478.9,-7.74
-26681,-481,-8.09
-26595,-481,-8.09
-26510,-480.7,-8.05
-26425,-479.3,-7.82
-26342,-477.7,-7.55
-26261,-475.8,-7.24
-26180,-475.3,-7.16
-26099,-477.2,-7.48
-26017,-477.1,-7.47
-25936,-476,-7.29
-25855,-475.8,-7.26
-25776,-474.1,-6.98
-25697,-474.5,-7.05
-25615,-478.4,-7.7
-25531,-481,-8.13
-25445,-481.8,-8.27
-25360,-479.5,-7.89
-25277,-478.2,-7.68
-25193,-479.1,-7.83
-25109,-480,-7.98
-25024,-480.9,-8.14
-24941,-477.45,-7.57
-24860,-474,-7
-24781,-475.5,-7.25
-24700,-477,-7.5
-24619,-477,-7.51
-24537,-477.1,-7.53
-24453,-482.7,-8.46
-24363,-488.3,-9.39
-24272,-484,-8.68
-24186,-479.1,-7.87
-24102,-480,-8.03
-24017,-481.4,-8.26
-23931,-482.5,-8.44
-23843,-483.6,-8.63
-23755,-483.6,-8.63
-23668,-483.6,-8.63
-23581,-480.95,-8.2
-23497,-478.3,-7.76
-23412,-483,-8.54
-23324,-485.8,-9.01
-23234,-485.1,-8.89
-23145,-484.5,-8.8
-23057,-482.7,-8.5
-22972,-479.2,-7.92
-22888,-479.5,-7.97
-22803,-483.2,-8.59
-22716,-482.75,-8.52
-22629,-482.3,-8.45
-22543,-481.85,-8.37
-22457,-481.4,-8.3
-22371,-482.3,-8.45
-22284,-484.5,-8.82
-22196,-484.5,-8.82
-22108,-482,-8.41
-22023,-480.4,-8.15
-21939,-480.2,-8.12
-21854,-481.5,-8.33
-21769,-480.9,-8.24
-21686,-477.4,-7.66
-21605,-475.6,-7.36
-21525,-477.8,-7.73
-21442,-480,-8.09
-21358,-479.45,-8
-21275,-478.9,-7.91
-21192,-478.9,-7.91
-21110,-479,-7.93
-21026,-480,-8.1
-20943,-480.1,-8.12
-20859,-479,-7.94
-20777,-478.6,-7.87
-20694,-479.1,-7.96
-20611,-479.6,-8.04
-20528,-479.5,-8.03
-20444,-479.8,-8.08
-20361,-480,-8.11
-20278,-478.2,-7.82
-20197,-476.4,-7.52
-20116,-478.3,-7.84
-20035,-477,-7.62
-19953,-479.2,-7.99
-19868,-482.9,-8.61
-19782,-482.4,-8.52
-19696,-483.5,-8.71
-19610,-481.9,-8.45
-19525,-480.1,-8.15
-19443,-477.4,-7.7
-19362,-476.4,-7.54
-19282,-478,-7.81
-19199,-479.35,-8.03
-19116,-480.7,-8.26
-19032,-479.8,-8.11
-18950,-476.9,-7.63
-18870,-476.6,-7.58
-18787,-481.9,-8.46
-18701,-483.5,-8.73
-18615,-481.7,-8.43
-18530,-482.1,-8.5
-18446,-478.9,-7.97
-18365,-477.5,-7.74
-18283,-478.4,-7.89
-18201,-480,-8.16
-18116,-482.8,-8.63
-18031,-480.15,-8.19
-17949,-477.5,-7.75
-17868,-477.3,-7.72
-17787,-477.9,-7.82
-17706,-478,-7.84
-17625,-477.6,-7.78
-17544,-477,-7.68
-17462,-480.5,-8.27
-17379,-479.4,-8.09
-17298,-475.5,-7.45
-17219,-476,-7.53
-17139,-476.4,-7.6
-17058,-479,-8.04
-16974,-481.8,-8.51
-16889,-480.7,-8.33
-16808,-475.6,-7.49
-16729,-473.6,-7.16
-16653,-472.4,-6.97
-16577,-471.2,-6.77
-16502,-471,-6.74
-16426,-471.8,-6.88
-16350,-471.8,-6.88
-16275,-470.9,-6.74
-16201,-468.5,-6.34
-16128,-466.9,-6.08
-16057,-464.9,-5.75
-15987,-466.3,-5.99
-15915,-467.5,-6.19
-15845,-462.4,-5.35
-15777,-462,-5.29
-15708,-463.7,-5.57
-15639,-462.9,-5.44
-15570,-463.8,-5.6
-15501,-464.5,-5.71
-15432,-461.1,-5.15
-15366,-458.6,-4.74
-15300,-459,-4.81
-15234,-460.1,-5
-15167,-462.5,-5.4
-15099,-462,-5.32
-15032,-458,-4.66
-14968,-456.7,-4.44
-14904,-458.1,-4.68
-14839,-457.1,-4.52
-14775,-454.8,-4.14
-14713,-453.5,-3.92
-14651,-453.8,-3.98
-14589,-456,-4.34
-14526,-452.8,-3.82
-14466,-451.7,-3.64
-14404,-454.5,-4.11
-14342,-452.95,-3.85
-14281,-451.4,-3.6
-14221,-449.85,-3.34
-14163,-448.3,-3.08
-14105,-446.75,-2.83
-14048,-445.2,-2.57
-13992,-443.65,-2.32
-13938,-442.1,-2.06
-13883,-443.2,-2.24
-13828,-442,-2.04
-13774,-442.9,-2.19
-13718,-447.2,-2.91
-13659,-449.4,-3.27
-13600,-451.2,-3.57
-13539,-453.9,-4.02
-13476,-455.5,-4.28
-13414,-451.8,-3.67
-13355,-448.8,-3.17
-13296,-448.8,-3.17
-13237,-450.5,-3.45
-13177,-452.1,-3.72
-13116,-452.3,-3.75
-13055,-452.9,-3.85
-12994,-451.8,-3.67
-12934,-450.8,-3.5
-12874,-450.2,-3.4
-12815,-449.2,-3.24
-12755,-451.23,-3.57
-12694,-453.27,-3.91
-12632,-455.3,-4.25
-12569,-455.3,-4.25
-12507,-452.4,-3.76
-12446,-451.5,-3.61
-12385,-453.6,-3.96
-12323,-455,-4.18
-12261,-453.2,-3.88
-12202,-447.3,-2.9
-12144,-446.5,-2.77
-12087,-448.5,-3.09
-12029,-447,-2.84
-11973,-443.1,-2.19
-11918,-445.3,-2.55
-11861,-447.1,-2.85
-11805,-444.2,-2.37
-11749,-443.2,-2.2
-11695,-441,-1.83
-11642,-439.7,-1.61
-11590,-439.6,-1.59
-11537,-439.5,-1.57
-11485,-437.8,-1.29
-11434,-437.4,-1.22
-11383,-434.5,-0.73
-11334,-431.7,-0.27
-11286,-433,-0.48
-11237,-431.2,-0.18
-11191,-425.3,0.81
-11146,-425.8,0.74
-11100,-429.8,0.09
-11053,-430.3,0.02
-11005,-431.9,-0.23
-10957,-431.3,-0.12
-10910,-431.6,-0.15
-10861,-434.5,-0.62
-10812,-433.5,-0.44
-10764,-432.5,-0.26
-10715,-435.2,-0.7
-10665,-436.9,-0.96
-10614,-436.6,-0.9
-10564,-436,-0.79
-10515,-436,-0.77
-10465,-436,-0.76
-10415,-434.1,-0.43
-10366,-437.4,-0.97
-10315,-439.5,-1.3
-10265,-432.8,-0.18
-10218,-428.7,0.52
-10172,-430,0.31
-10124,-435.5,-0.58
-10075,-434.9,-0.47
-10027,-433.8,-0.28
-9978,-436.1,-0.65
-9929,-434.5,-0.37
-9881,-434.5,-0.36
-9831,-436.9,-0.74
-9782,-437.6,-0.85
-9732,-437.4,-0.8
-9682,-435.4,-0.46
-9635,-429.6,0.51
-9589,-430.2,0.43
-9542,-433.8,-0.16
-9494,-433.9,-0.16
-9445,-437.2,-0.7
-9396,-438,-0.82
-9346,-435.5,-0.39
-9298,-433,0.03
-9252,-431.7,0.26
-9204,-434.1,-0.13
-9156,-436.5,-0.51
-9107,-437.1,-0.6
-9058,-436,-0.41
-9009,-436.5,-0.48
-8960,-439,-0.88
-8910,-437,-0.54
-8861,-437,-0.53
-8811,-438.8,-0.81
-8763,-433.2,0.13
-8716,-432,0.34
-8668,-437.5,-0.56
-8619,-438.6,-0.73
-8569,-438.4,-0.68
-8520,-438.3,-0.65
-8471,-437.6,-0.52
-8422,-436.1,-0.26
-8374,-435.9,-0.21
-8325,-438,-0.55
-8276,-439.5,-0.78
-8226,-440.1,-0.87
-8178,-431.35,0.59
-8135,-422.6,2.06
-8091,-433.3,0.3
-8043,-439,-0.64
-7994,-438.5,-0.54
-7944,-439.5,-0.69
-7894,-441,-0.93
-7844,-440.9,-0.9
-7794,-439,-0.57
-7745,-440,-0.72
-7697,-436,-0.04
-7649,-435.7,0.02
-7602,-436,-0.02
-7555,-433.1,0.48
-7509,-436.2,-0.03
-7462,-436,0.02
-7413,-439.7,-0.58
-7364,-441.2,-0.81
-7315,-438.1,-0.29
-7267,-437.1,-0.11
-7220,-436.8,-0.04
-7172,-436.5,0.02
-7124,-440.5,-0.63
-7074,-444,-1.2
-7023,-443.2,-1.05
-6973,-440.5,-0.59
-6924,-440.5,-0.58
-6874,-444,-1.14
-6823,-444.9,-1.28
-6773,-442.3,-0.84
-6724,-439.5,-0.36
-6677,-435.2,0.37
-6631,-435.3,0.37
-6583,-441.5,-0.65
-6534,-441.4,-0.62
-6486,-439.6,-0.31
-6436,-444.4,-1.09
-6385,-447.5,-1.59
-6334,-441.3,-0.55
-6287,-436.4,0.28
-6241,-437.6,0.09
-6193,-440.2,-0.33
-6145,-439,-0.17
-6099,-436.1,0.32
-6052,-439.25,-0.21
-6004,-442.4,-0.73
-5955,-438.8,-0.13
-5909,-435.3,0.45
-5863,-437.1,0.15
-5816,-439.3,-0.22
-5769,-439.5,-0.25
-5721,-438.93,-0.15
-5674,-438.37,-0.06
-5627,-437.8,0.03
-5581,-437.5,0.08
-5534,-437.9,0.02
-5488,-436.8,0.2
-5442,-435,0.5
-5397,-435,0.5
-5351,-437.5,0.08
-5305,-437.4,0.1
-5259,-436.3,0.28
-5212,-439.3,-0.22
-5165,-440.3,-0.38
-5118,-436.9,0.18
-5072,-437.2,0.13
-5025,-442,-0.66
-4977,-440.2,-0.36
-4929,-442,-0.66
-4880,-444.9,-1.14
-4831,-438,0
-4786,-436.5,0.25
-4739,-441.5,-0.58
-4690,-443.3,-0.88
-4642,-440,-0.33
-4596,-436.8,0.2
-4552,-432.7,0.88
-4509,-431.2,1.13
-4466,-431.2,1.13
-4423,-431.2,1.13
-4381,-431.2,1.13
-4339,-431.2,1.13
-4295,-434.7,0.55
-4250,-441.2,-0.53
-4202,-444,-1
-4153,-444.6,-1.09
-4104,-443.5,-0.91
-4057,-442.5,-0.75
-4009,-442.4,-0.73
-3962,-442,-0.66
-3915,-439.4,-0.23
-3870,-438,0
-3824,-440.8,-0.46
-3778,-441.8,-0.63
-3732,-437.8,0.03
-3689,-434.5,0.58
-3646,-434.1,0.65
-3603,-436.2,0.3
-3558,-443.4,-0.9
-3511,-443.5,-0.91
-3466,-437,0.17
-3422,-436.7,0.22
-3379,-438.8,-0.13
-3334,-439.8,-0.3
-3289,-441.7,-0.61
-3245,-440.6,-0.43
-3201,-437.1,0.15
-3158,-438.5,-0.08
-3114,-441.2,-0.53
-3070,-439.5,-0.25
-3026,-442.4,-0.73
-2980,-446.5,-1.41
-2934,-446.1,-1.34
-2889,-440.3,-0.38
-2847,-434.5,0.58
-2805,-441.7,-0.61
-2760,-449.9,-1.97
-2713,-445.2,-1.19
-2670,-438.1,-0.02
-2628,-439,-0.17
-2585,-446.2,-1.36
-2542,-439.6,-0.27
-2501,-436.2,0.3
-2460,-441.8,-0.63
-2418,-442.4,-0.73
-2374,-446.7,-1.44
-2331,-443.9,-0.98
-2291,-431,1.16
-2253,-437.3,0.12
-2212,-442.4,-0.73
-2171,-443.7,-0.95
-2129,-441.7,-0.61
-2089,-441.2,-0.53
-2049,-440.3,-0.38
-2009,-440.7,-0.45
-1970,-439.7,-0.28
-1931,-437.1,0.15
-1893,-441.2,-0.53
-1853,-443.8,-0.96
-1812,-445.5,-1.24
-1772,-445.3,-1.21
-1732,-444.4,-1.06
-1692,-443.3,-0.88
-1652,-447.1,-1.51
-1612,-446,-1.33
-1573,-443.8,-0.96
-1535,-444,-1
-1497,-440.8,-0.46
-1461,-438.2,-0.03
-1426,-438.8,-0.13
-1390,-438.3,-0.05
-1356,-436,0.33
-1321,-440.4,-0.4
-1285,-447.9,-1.64
-1247,-446.9,-1.48
-1211,-441.9,-0.65
-1176,-439.6,-0.27
-1142,-441.9,-0.65
-1107,-443,-0.83
-1074,-436.4,0.27
-1042,-438.3,-0.05
-1009,-442.9,-0.81
-976,-439.7,-0.28
-944,-439.5,-0.25
-912,-439,-0.17
-881,-442.7,-0.78
-848,-442.7,-0.78
-817,-439,-0.17
-788,-438.6,-0.1
-757,-443.1,-0.85
-726,-447.3,-1.54
-695,-445.4,-1.23
-665,-439.1,-0.18
-637,-438.1,-0.02
-609,-441.6,-0.6
-581,-443.4,-0.9
-552,-447.7,-1.61
-523,-446.4,-1.39
-495,-444.5,-1.08
-469,-438.5,-0.08
-444,-436.9,0.18
-420,-435.9,0.35
-397,-430,1.33
-375,-436.6,0.23
-351,-442.5,-0.75
-327,-440.9,-0.48
-304,-439.3,-0.22
-281,-442.5,-0.75
-258,-444.6,-1.09
-234,-449.1,-1.84
-211,-443.7,-0.95
-190,-435.8,0.36
-170,-437.9,0.02
-149,-442.9,-0.81
-129,-438,0
-110,-438,0
-91,-438,0
-72,-438,0
-53,-438,0
-35,-438,0
-17,-438,0
0,-438,0
